collision_id,crash_date_crash,crash_time_crash,borough,zip_code,latitude,longitude,number_of_persons_injured,number_of_persons_killed,contributing_factor_vehicle_1,vehicle_type_code1
4455765,2021-09-11,2:39,UNKNOWN,,,,2,0,AGGRESSIVE DRIVING/ROAD RAGE,SEDAN
4513547,2022-03-26,11:45,UNKNOWN,,,,1,0,PAVEMENT SLIPPERY,SEDAN
4675373,2023-11-01,1:29,BROOKLYN,11230.0,40.62179,-73.970024,1,0,UNSPECIFIED,MOPED
4541903,2022-06-29,6:55,UNKNOWN,,,,0,0,FOLLOWING TOO CLOSELY,SEDAN
4566131,2022-09-21,13:21,UNKNOWN,,,,0,0,PASSING TOO CLOSELY,STATION WAGON/SPORT UTILITY VEHICLE
4623759,2023-04-26,13:30,UNKNOWN,,,,0,0,UNSPECIFIED,SEDAN
4675709,2023-11-01,7:12,UNKNOWN,,,,0,0,FOLLOWING TOO CLOSELY,SEDAN
4675769,2023-11-01,8:01,UNKNOWN,,,,0,0,FAILURE TO YIELD RIGHT-OF-WAY,SEDAN
4623865,2023-04-26,22:20,UNKNOWN,,,,0,0,UNSPECIFIED,SEDAN
4456314,2021-09-11,9:35,BROOKLYN,11208.0,40.667202,-73.8665,0,0,UNSPECIFIED,SEDAN
4486609,2021-12-14,8:13,BROOKLYN,11233.0,40.683304,-73.917274,0,0,,
4407458,2021-04-14,12:47,UNKNOWN,,,,0,0,UNSPECIFIED,DUMP
4486555,2021-12-14,17:05,UNKNOWN,,40.709183,-73.956825,0,0,PASSING TOO CLOSELY,SEDAN
4486660,2021-12-14,8:17,BRONX,10475.0,40.86816,-73.83148,2,0,UNSPECIFIED,SEDAN
4487074,2021-12-14,21:10,BROOKLYN,11207.0,40.67172,-73.8971,0,0,DRIVER INEXPERIENCE,SEDAN
4486519,2021-12-14,14:58,MANHATTAN,10017.0,40.75144,-73.97397,0,0,PASSING TOO CLOSELY,SEDAN
4486934,2021-12-13,0:34,UNKNOWN,,40.701275,-73.88887,0,0,PASSING OR LANE USAGE IMPROPER,STATION WAGON/SPORT UTILITY VEHICLE
4487127,2021-12-14,16:50,QUEENS,11413.0,40.675884,-73.75577,0,0,TURNING IMPROPERLY,SEDAN
4486634,2021-12-14,8:30,UNKNOWN,,,,0,0,UNSAFE LANE CHANGING,STATION WAGON/SPORT UTILITY VEHICLE
4486564,2021-12-14,0:59,UNKNOWN,,40.59662,-74.00231,0,0,UNSAFE SPEED,SEDAN
4486635,2021-12-14,23:10,QUEENS,11434.0,40.66684,-73.78941,2,0,REACTION TO UNINVOLVED VEHICLE,SEDAN
4486604,2021-12-14,17:58,BROOKLYN,11217.0,40.68158,-73.97463,0,0,PASSING TOO CLOSELY,TANKER
4486991,2021-12-14,20:03,BROOKLYN,11226.0,40.65068,-73.95881,4,0,STEERING FAILURE,SEDAN
4486284,2021-12-14,1:28,UNKNOWN,,,,3,0,TRAFFIC CONTROL DISREGARDED,STATION WAGON/SPORT UTILITY VEHICLE
4487040,2021-12-11,19:43,BRONX,10463.0,40.87262,-73.904686,1,0,UNSPECIFIED,STATION WAGON/SPORT UTILITY VEHICLE
4486537,2021-12-14,14:30,UNKNOWN,,40.783268,-73.82485,0,0,FOLLOWING TOO CLOSELY,STATION WAGON/SPORT UTILITY VEHICLE
4486905,2021-12-11,4:45,MANHATTAN,10001.0,40.748917,-73.993546,0,0,FOLLOWING TOO CLOSELY,STATION WAGON/SPORT UTILITY VEHICLE
4487122,2021-12-14,5:46,UNKNOWN,,40.744644,-73.77041,1,0,OTHER VEHICULAR,STATION WAGON/SPORT UTILITY VEHICLE
4486967,2021-12-13,6:30,QUEENS,11372.0,40.75373,-73.88505,0,0,UNSPECIFIED,SEDAN
4486304,2021-12-14,3:43,UNKNOWN,,40.804375,-73.93742,1,0,UNSPECIFIED,STATION WAGON/SPORT UTILITY VEHICLE
4487001,2021-12-13,17:40,STATEN ISLAND,10301.0,40.63165,-74.08762,1,0,UNSPECIFIED,SEDAN
4486516,2021-12-14,17:31,BROOKLYN,11230.0,40.623104,-73.95809,1,0,UNSPECIFIED,SEDAN
4486605,2021-12-14,20:13,BROOKLYN,11215.0,40.66576,-73.9845,0,0,PASSING TOO CLOSELY,SEDAN
4487052,2021-12-14,12:54,BROOKLYN,11217.0,40.687534,-73.9775,1,0,UNSPECIFIED,SEDAN
4486556,2021-12-14,17:15,BROOKLYN,11211.0,40.710957,-73.951126,1,0,PASSING OR LANE USAGE IMPROPER,BUS
4486875,2021-12-14,22:49,BRONX,10455.0,40.81813,-73.910126,0,0,DRIVER INATTENTION/DISTRACTION,TAXI
4486933,2021-12-12,9:00,QUEENS,11385.0,40.70447,-73.90148,0,0,PASSING TOO CLOSELY,STATION WAGON/SPORT UTILITY VEHICLE
4486581,2021-12-14,16:25,UNKNOWN,,40.784615,-73.953964,1,0,DRIVER INATTENTION/DISTRACTION,VAN
4675877,2023-11-02,9:20,UNKNOWN,,,,0,0,ACCELERATOR DEFECTIVE,STATION WAGON/SPORT UTILITY VEHICLE
4407520,2021-04-14,14:30,UNKNOWN,,,,0,0,DRIVER INATTENTION/DISTRACTION,BUS
4486960,2021-12-16,6:59,UNKNOWN,,,,1,0,TRAFFIC CONTROL DISREGARDED,
4624078,2023-04-27,15:40,UNKNOWN,,,,1,0,DRIVER INATTENTION/DISTRACTION,SEDAN
4566408,2022-09-22,16:16,QUEENS,11418.0,40.698257,-73.82632,1,0,PASSING OR LANE USAGE IMPROPER,SEDAN
4598234,2023-01-12,21:00,BROOKLYN,11208.0,,,0,0,DRIVER INATTENTION/DISTRACTION,STATION WAGON/SPORT UTILITY VEHICLE
4542336,2022-06-29,16:00,UNKNOWN,,,,1,0,DRIVER INATTENTION/DISTRACTION,MOTORSCOOTER
4407665,2021-04-15,16:15,UNKNOWN,,,,0,0,PAVEMENT SLIPPERY,STATION WAGON/SPORT UTILITY VEHICLE
4456591,2021-07-07,11:42,UNKNOWN,,,,1,0,UNSAFE LANE CHANGING,SEDAN
4624101,2023-04-27,22:13,UNKNOWN,,,,0,0,DRIVER INATTENTION/DISTRACTION,SEDAN
4545699,2022-07-12,17:50,BROOKLYN,11225.0,40.663303,-73.96049,0,0,OVERSIZED VEHICLE,SEDAN
4512922,2022-03-23,10:00,UNKNOWN,,,,0,0,PEDESTRIAN/BICYCLIST/OTHER PEDESTRIAN ERROR/CONFUSION,BIKE
4456659,2021-07-09,0:43,UNKNOWN,,40.720535,-73.88885,0,1,UNSPECIFIED,BUS
4521660,2022-04-24,16:45,UNKNOWN,,40.607685,-74.13892,1,0,DRIVER INATTENTION/DISTRACTION,STATION WAGON/SPORT UTILITY VEHICLE
4521759,2022-04-24,4:49,UNKNOWN,,40.855972,-73.869896,0,0,UNSPECIFIED,STATION WAGON/SPORT UTILITY VEHICLE
4522226,2022-04-22,17:17,UNKNOWN,,40.790276,-73.9396,1,0,TRAFFIC CONTROL DISREGARDED,E-BIKE
4522015,2022-04-24,1:30,BROOKLYN,11220.0,40.642986,-74.01621,0,0,UNSPECIFIED,STATION WAGON/SPORT UTILITY VEHICLE
4521460,2022-04-24,6:00,QUEENS,11411.0,0.0,0.0,0,0,UNSAFE LANE CHANGING,SEDAN
4522156,2022-04-24,21:40,BRONX,10452.0,40.843906,-73.92413,0,0,ALCOHOL INVOLVEMENT,TAXI
4521633,2022-04-24,17:45,BRONX,10466.0,40.89481,-73.86183,0,0,DRIVER INATTENTION/DISTRACTION,SEDAN
4522124,2022-04-15,6:11,UNKNOWN,,0.0,0.0,1,0,DRIVER INATTENTION/DISTRACTION,STATION WAGON/SPORT UTILITY VEHICLE
4521937,2022-04-24,9:51,UNKNOWN,,40.85169,-73.95238,0,0,UNSPECIFIED,SEDAN
4521801,2022-04-24,0:00,BRONX,10453.0,40.861862,-73.91275,0,0,DRIVER INATTENTION/DISTRACTION,SEDAN
4522285,2022-03-08,20:00,BROOKLYN,11207.0,40.666256,-73.900215,0,0,UNSPECIFIED,SEDAN
4521853,2022-04-24,15:35,MANHATTAN,10019.0,40.767242,-73.986206,1,0,VIEW OBSTRUCTED/LIMITED,STATION WAGON/SPORT UTILITY VEHICLE
4522228,2022-04-22,12:00,BROOKLYN,11230.0,40.62417,-73.97048,1,0,UNSPECIFIED,SEDAN
4521702,2022-04-24,13:10,UNKNOWN,,40.679955,-73.97491,0,0,TURNING IMPROPERLY,STATION WAGON/SPORT UTILITY VEHICLE
4522167,2022-04-24,4:20,BROOKLYN,11221.0,40.692356,-73.94282,1,0,TRAFFIC CONTROL DISREGARDED,STATION WAGON/SPORT UTILITY VEHICLE
4522196,2022-04-20,19:37,UNKNOWN,,40.78291,-73.98578,0,0,DRIVER INEXPERIENCE,SEDAN
4521758,2022-04-24,16:14,UNKNOWN,,40.67308,-73.91124,0,0,UNSPECIFIED,SEDAN
4522136,2022-04-12,19:56,BROOKLYN,11203.0,40.65011,-73.930214,1,0,FAILURE TO YIELD RIGHT-OF-WAY,STATION WAGON/SPORT UTILITY VEHICLE
4521469,2022-04-24,0:30,UNKNOWN,,40.638382,-74.03668,1,0,DRIVER INATTENTION/DISTRACTION,SEDAN
4521859,2022-04-24,20:13,QUEENS,11419.0,40.69261,-73.81143,0,0,AGGRESSIVE DRIVING/ROAD RAGE,SEDAN
4521590,2022-04-24,15:21,QUEENS,11101.0,40.745235,-73.937706,1,0,DRIVER INATTENTION/DISTRACTION,SEDAN
4521902,2022-04-24,10:27,UNKNOWN,,,,1,0,TRAFFIC CONTROL DISREGARDED,SEDAN
4521684,2022-04-24,21:00,QUEENS,11106.0,40.758705,-73.93793,1,0,DRIVER INATTENTION/DISTRACTION,SEDAN
4521858,2022-04-24,21:40,QUEENS,11418.0,40.695156,-73.845406,0,0,REACTION TO UNINVOLVED VEHICLE,AMBULANCE
4522242,2022-04-07,14:14,MANHATTAN,10017.0,40.748158,-73.97033,0,0,DRIVER INATTENTION/DISTRACTION,SEDAN
4456672,2021-06-29,17:35,UNKNOWN,,40.609535,-73.75372,0,0,PASSING OR LANE USAGE IMPROPER,STATION WAGON/SPORT UTILITY VEHICLE
4485150,2021-12-09,20:20,BROOKLYN,11223.0,40.59207,-73.96299,1,0,DRIVER INATTENTION/DISTRACTION,BIKE
4485116,2021-12-09,14:50,UNKNOWN,,40.850018,-73.9107,0,0,UNSPECIFIED,STATION WAGON/SPORT UTILITY VEHICLE
4485026,2021-12-09,2:45,QUEENS,11422.0,40.653023,-73.73895,1,0,ALCOHOL INVOLVEMENT,SEDAN
4485528,2021-12-06,22:16,UNKNOWN,,40.62573,-73.9564,0,0,UNSAFE SPEED,SEDAN
4485333,2021-12-04,12:00,BROOKLYN,11213.0,40.665375,-73.934235,0,0,DRIVER INATTENTION/DISTRACTION,SEDAN
4485234,2021-12-08,16:20,MANHATTAN,10128.0,40.776237,-73.943825,0,0,FAILURE TO YIELD RIGHT-OF-WAY,TAXI
4485355,2021-12-09,23:15,BROOKLYN,11218.0,40.640835,-73.98967,1,0,DRIVER INATTENTION/DISTRACTION,SEDAN
4485581,2021-12-01,14:34,QUEENS,11692.0,40.593636,-73.797264,0,0,UNSAFE SPEED,SEDAN
4485866,2021-12-10,7:00,QUEENS,11420.0,40.674263,-73.80453,0,0,PASSING OR LANE USAGE IMPROPER,SEDAN
4485192,2021-12-07,9:20,UNKNOWN,,40.70476,-73.96491,0,0,STEERING FAILURE,STATION WAGON/SPORT UTILITY VEHICLE
4485214,2021-12-09,8:00,UNKNOWN,,40.569626,-74.190735,0,0,FOLLOWING TOO CLOSELY,SEDAN
4485437,2021-12-07,17:08,BROOKLYN,11205.0,40.698463,-73.960205,0,0,FOLLOWING TOO CLOSELY,
4485408,2021-12-05,8:20,BROOKLYN,11212.0,40.658413,-73.9171,0,0,UNSPECIFIED,SEDAN
4484852,2021-12-08,19:30,MANHATTAN,10022.0,40.76175,-73.96899,1,0,FOLLOWING TOO CLOSELY,STATION WAGON/SPORT UTILITY VEHICLE
4485542,2021-12-08,12:00,MANHATTAN,10011.0,40.736614,-73.9951,1,0,PASSING OR LANE USAGE IMPROPER,BOX TRUCK
4485170,2021-12-10,8:06,UNKNOWN,,,,0,0,UNSAFE LANE CHANGING,GARBAGE OR REFUSE
4485523,2021-12-08,19:30,UNKNOWN,,,,4,0,UNSAFE SPEED,TAXI
4484906,2021-12-08,22:37,STATEN ISLAND,10314.0,40.62121,-74.12385,0,0,PAVEMENT SLIPPERY,SEDAN
4485036,2021-12-08,17:56,UNKNOWN,,40.873737,-73.90593,0,0,UNSPECIFIED,SEDAN
4485772,2021-12-07,7:50,UNKNOWN,,40.66718,-73.95076,0,0,DRIVER INATTENTION/DISTRACTION,SEDAN
4485565,2021-12-08,0:44,QUEENS,11101.0,40.754295,-73.93946,0,0,VIEW OBSTRUCTED/LIMITED,SEDAN
4484836,2021-12-08,15:00,UNKNOWN,,40.588116,-73.97261,0,0,PASSING TOO CLOSELY,SEDAN
4485340,2021-12-10,11:00,BRONX,10461.0,40.854935,-73.85822,0,0,OVERSIZED VEHICLE,STATION WAGON/SPORT UTILITY VEHICLE
4485706,2021-12-10,1:10,UNKNOWN,,40.662575,-73.93448,0,0,DRIVER INATTENTION/DISTRACTION,STATION WAGON/SPORT UTILITY VEHICLE
4485384,2021-12-09,0:00,UNKNOWN,,40.7448,-73.953415,1,0,UNSPECIFIED,SEDAN
4484799,2021-12-08,18:36,UNKNOWN,,40.79672,-73.97618,0,0,PASSING OR LANE USAGE IMPROPER,SEDAN
4485077,2021-12-09,20:30,QUEENS,11004.0,40.752777,-73.70743,0,0,ILLNES,SEDAN
4485090,2021-12-09,10:13,BROOKLYN,11203.0,40.638523,-73.92607,2,0,TRAFFIC CONTROL DISREGARDED,SEDAN
4513697,2022-03-26,14:00,STATEN ISLAND,10301.0,40.637833,-74.08193,0,0,DRIVER INATTENTION/DISTRACTION,SEDAN
4513935,2022-03-26,1:02,MANHATTAN,10025.0,40.797836,-73.96946,1,0,TRAFFIC CONTROL DISREGARDED,SEDAN
4513794,2022-03-26,16:02,QUEENS,11373.0,40.734375,-73.87342,1,0,LOST CONSCIOUSNESS,STATION WAGON/SPORT UTILITY VEHICLE
4514267,2022-03-26,16:05,QUEENS,11411.0,40.699947,-73.736626,1,0,FOLLOWING TOO CLOSELY,STATION WAGON/SPORT UTILITY VEHICLE
4514237,2022-03-21,12:05,MANHATTAN,10018.0,40.75632,-73.999275,1,0,FOLLOWING TOO CLOSELY,MOTORCYCLE
4513470,2022-03-26,5:13,QUEENS,11418.0,40.69614,-73.81789,0,0,FAILURE TO YIELD RIGHT-OF-WAY,STATION WAGON/SPORT UTILITY VEHICLE
4513751,2022-03-26,17:42,BROOKLYN,11234.0,40.631687,-73.9205,0,0,DRIVER INATTENTION/DISTRACTION,SEDAN
4514075,2022-03-26,12:18,BRONX,10466.0,40.88839,-73.84666,2,0,FAILURE TO YIELD RIGHT-OF-WAY,STATION WAGON/SPORT UTILITY VEHICLE
4513857,2022-03-26,20:10,BRONX,10462.0,40.844425,-73.8639,0,0,UNSPECIFIED,STATION WAGON/SPORT UTILITY VEHICLE
4514202,2022-03-26,15:45,BRONX,10472.0,40.833965,-73.8629,2,0,ALCOHOL INVOLVEMENT,STATION WAGON/SPORT UTILITY VEHICLE
4514347,2022-03-26,17:55,BROOKLYN,11206.0,40.705738,-73.944695,0,0,DRIVER INATTENTION/DISTRACTION,SEDAN
4513495,2022-03-26,0:50,BROOKLYN,11236.0,40.637905,-73.8878,0,0,UNSAFE SPEED,SEDAN
4513874,2022-03-26,14:05,BROOKLYN,11210.0,40.635063,-73.94788,1,0,UNSAFE SPEED,STATION WAGON/SPORT UTILITY VEHICLE
4514263,2022-03-26,9:30,UNKNOWN,,40.804153,-73.91304,0,0,UNSPECIFIED,SEDAN
4514323,2022-03-10,8:30,BROOKLYN,11238.0,40.676403,-73.96287,4,0,OTHER VEHICULAR,STATION WAGON/SPORT UTILITY VEHICLE
4514182,2022-03-24,23:00,BRONX,10472.0,40.829777,-73.85055,1,0,UNSPECIFIED,SEDAN
4513515,2022-03-26,7:36,BROOKLYN,11209.0,40.613926,-74.030174,0,0,BRAKES DEFECTIVE,STATION WAGON/SPORT UTILITY VEHICLE
4513663,2022-03-26,11:50,BROOKLYN,11236.0,40.635563,-73.89577,2,0,FAILURE TO YIELD RIGHT-OF-WAY,STATION WAGON/SPORT UTILITY VEHICLE
4513953,2022-03-26,17:42,QUEENS,11420.0,40.675167,-73.825264,0,0,PASSING TOO CLOSELY,STATION WAGON/SPORT UTILITY VEHICLE
4513985,2022-03-26,1:45,MANHATTAN,10065.0,40.761486,-73.96061,0,0,DRIVER INATTENTION/DISTRACTION,SEDAN
4514084,2022-03-26,17:00,BROOKLYN,11249.0,40.712284,-73.964005,0,0,PASSING OR LANE USAGE IMPROPER,SEDAN
4514144,2022-02-25,11:48,QUEENS,11432.0,40.70546,-73.7949,0,0,FOLLOWING TOO CLOSELY,E-SCOOTER
4513606,2022-03-26,22:51,UNKNOWN,,40.74967,-73.99531,1,0,FAILURE TO YIELD RIGHT-OF-WAY,SEDAN
4513564,2022-03-26,8:21,MANHATTAN,10032.0,40.833786,-73.94037,0,0,DRIVER INATTENTION/DISTRACTION,BOX TRUCK
4514412,2022-03-17,8:00,UNKNOWN,,40.67794,-73.8023,1,0,TRAFFIC CONTROL DISREGARDED,SEDAN
4513587,2022-03-26,10:30,BROOKLYN,11220.0,40.637985,-74.0076,0,0,BACKING UNSAFELY,STATION WAGON/SPORT UTILITY VEHICLE
4487185,2021-12-16,9:23,UNKNOWN,,,,0,0,UNSPECIFIED,STATION WAGON/SPORT UTILITY VEHICLE
4513565,2022-03-26,13:48,MANHATTAN,10032.0,40.835037,-73.93979,1,0,,
4514286,2022-03-25,9:56,UNKNOWN,,40.9046,-73.852936,0,0,DRIVER INATTENTION/DISTRACTION,STATION WAGON/SPORT UTILITY VEHICLE
4513637,2022-03-26,23:45,QUEENS,11104.0,40.742508,-73.91788,1,0,DRIVER INATTENTION/DISTRACTION,SEDAN
4513528,2022-03-26,1:26,UNKNOWN,,,,0,0,UNSAFE SPEED,UTILITY
4514139,2022-03-22,9:07,BROOKLYN,11238.0,,,1,0,AGGRESSIVE DRIVING/ROAD RAGE,SEDAN
4513833,2022-03-26,16:00,BROOKLYN,11207.0,40.67046,-73.88788,1,0,DRIVER INATTENTION/DISTRACTION,SEDAN
4513887,2022-03-26,23:17,MANHATTAN,10002.0,40.72224,-73.9863,1,0,FOLLOWING TOO CLOSELY,STATION WAGON/SPORT UTILITY VEHICLE
4514160,2022-03-23,9:00,UNKNOWN,,40.67639,-73.97189,1,0,TRAFFIC CONTROL DISREGARDED,SEDAN
4514002,2022-03-26,5:00,UNKNOWN,,40.88893,-73.86579,0,0,FOLLOWING TOO CLOSELY,SEDAN
4514152,2022-03-25,6:15,UNKNOWN,,40.80118,-73.93975,1,0,TRAFFIC CONTROL DISREGARDED,SEDAN
4513626,2022-03-26,21:50,UNKNOWN,,40.757668,-73.95915,1,0,DRIVER INATTENTION/DISTRACTION,TAXI
4513774,2022-03-26,21:25,BROOKLYN,11225.0,40.668896,-73.95339,0,0,DRIVER INATTENTION/DISTRACTION,STATION WAGON/SPORT UTILITY VEHICLE
4514376,2022-03-25,18:13,BROOKLYN,11218.0,40.63654,-73.97707,2,0,UNSPECIFIED,SEDAN
4513982,2022-03-26,20:10,BRONX,10456.0,40.831055,-73.905846,1,0,UNSPECIFIED,SEDAN
4514220,2022-03-25,12:55,UNKNOWN,,40.85868,-73.89922,0,0,PASSING TOO CLOSELY,STATION WAGON/SPORT UTILITY VEHICLE
4514413,2022-03-23,11:00,UNKNOWN,,40.62466,-74.17856,0,0,DRIVER INATTENTION/DISTRACTION,STATION WAGON/SPORT UTILITY VEHICLE
4513664,2022-03-26,3:05,BROOKLYN,11236.0,40.63947,-73.902756,1,0,UNSPECIFIED,SEDAN
4513725,2022-03-26,4:34,BRONX,10468.0,40.86173,-73.91182,1,0,UNSPECIFIED,STATION WAGON/SPORT UTILITY VEHICLE
4514298,2022-03-26,19:56,BROOKLYN,11201.0,40.69538,-73.985115,0,0,UNSPECIFIED,SEDAN
4513573,2022-03-26,12:40,BROOKLYN,11219.0,40.63063,-74.00923,0,0,UNSPECIFIED,SEDAN
4514201,2022-03-26,1:58,BRONX,10472.0,40.82707,-73.87075,0,0,TURNING IMPROPERLY,SEDAN
4514030,2022-03-26,19:56,UNKNOWN,,40.60548,-73.93922,0,0,UNSPECIFIED,STATION WAGON/SPORT UTILITY VEHICLE
4514125,2022-03-26,0:30,BROOKLYN,11221.0,40.692593,-73.91551,0,0,UNSPECIFIED,STATION WAGON/SPORT UTILITY VEHICLE
4514194,2022-03-16,15:44,MANHATTAN,10017.0,,,1,0,UNSPECIFIED,BIKE
4514278,2022-03-26,20:05,BROOKLYN,11207.0,40.680664,-73.902626,0,0,DRIVER INATTENTION/DISTRACTION,SEDAN
4513803,2022-03-26,17:54,BROOKLYN,11226.0,40.645718,-73.95002,4,0,PASSING TOO CLOSELY,SEDAN
4514241,2022-03-25,17:55,UNKNOWN,,40.68327,-73.95016,0,0,TRAFFIC CONTROL DISREGARDED,SEDAN
4487210,2021-12-12,9:09,UNKNOWN,,40.84036,-73.91807,0,1,UNSPECIFIED,TAXI
4407811,2021-04-13,16:00,BROOKLYN,11222.0,,,0,0,FOLLOWING TOO CLOSELY,SEDAN
4456746,2021-08-05,18:17,UNKNOWN,,,,0,0,GLARE,SEDAN
4513878,2022-03-26,16:35,BROOKLYN,11235.0,40.577652,-73.96344,0,0,DRIVER INATTENTION/DISTRACTION,STATION WAGON/SPORT UTILITY VEHICLE
4513735,2022-03-26,19:50,MANHATTAN,10012.0,40.730145,-73.99781,1,0,PASSENGER DISTRACTION,E-BIKE
4513958,2022-03-26,13:19,QUEENS,11420.0,40.67478,-73.806206,0,0,FAILURE TO YIELD RIGHT-OF-WAY,STATION WAGON/SPORT UTILITY VEHICLE
4514367,2022-03-25,8:45,BROOKLYN,11230.0,40.624622,-73.97598,2,0,UNSPECIFIED,SEDAN
4513681,2022-03-26,10:10,BROOKLYN,11217.0,40.67271,-73.97089,0,0,PASSING OR LANE USAGE IMPROPER,STATION WAGON/SPORT UTILITY VEHICLE
4514212,2022-03-26,11:45,UNKNOWN,,40.7314,-73.926094,1,0,REACTION TO UNINVOLVED VEHICLE,STATION WAGON/SPORT UTILITY VEHICLE
4514420,2022-03-25,14:35,UNKNOWN,,40.632786,-74.13712,1,0,FAILURE TO YIELD RIGHT-OF-WAY,SEDAN
4513923,2022-03-26,14:30,STATEN ISLAND,10305.0,40.596733,-74.07045,0,0,BACKING UNSAFELY,SEDAN
4513752,2022-03-26,19:00,BROOKLYN,11234.0,40.617645,-73.92092,0,0,BACKING UNSAFELY,SEDAN
4513924,2022-03-26,2:05,UNKNOWN,,,,0,0,DRIVER INATTENTION/DISTRACTION,TAXI
4513860,2022-03-26,16:40,BROOKLYN,11217.0,40.68651,-73.98378,2,0,PASSING OR LANE USAGE IMPROPER,STATION WAGON/SPORT UTILITY VEHICLE
4514251,2022-03-24,18:05,BROOKLYN,11206.0,40.69831,-73.9498,0,0,DRIVER INATTENTION/DISTRACTION,SEDAN
4513478,2022-03-26,3:35,UNKNOWN,,40.692455,-73.76814,1,0,REACTION TO UNINVOLVED VEHICLE,SEDAN
4514302,2022-03-20,10:34,MANHATTAN,10024.0,40.778805,-73.974075,1,0,BACKING UNSAFELY,SEDAN
4513708,2022-03-26,14:54,MANHATTAN,10001.0,40.747894,-73.989174,0,0,PASSING OR LANE USAGE IMPROPER,SEDAN
4514189,2022-03-25,6:35,BRONX,10472.0,40.83578,-73.871445,0,0,FOLLOWING TOO CLOSELY,STATION WAGON/SPORT UTILITY VEHICLE
4514419,2022-03-25,14:00,UNKNOWN,,40.61763,-74.133575,0,0,DRIVER INATTENTION/DISTRACTION,STATION WAGON/SPORT UTILITY VEHICLE
4514234,2022-03-21,19:13,UNKNOWN,,40.731407,-73.99698,1,0,DRIVER INATTENTION/DISTRACTION,SEDAN
4513496,2022-03-26,5:02,BROOKLYN,11223.0,40.60784,-73.961975,0,0,FELL ASLEEP,STATION WAGON/SPORT UTILITY VEHICLE
4514266,2022-03-25,9:45,UNKNOWN,,40.752563,-73.74328,0,0,UNSPECIFIED,STATION WAGON/SPORT UTILITY VEHICLE
4513680,2022-03-26,22:54,BROOKLYN,11217.0,40.67848,-73.98232,0,0,FAILURE TO YIELD RIGHT-OF-WAY,TAXI
4513861,2022-03-26,21:00,BROOKLYN,11219.0,40.629475,-74.004166,0,0,DRIVER INATTENTION/DISTRACTION,SEDAN
4514326,2022-03-26,17:29,BROOKLYN,11213.0,40.668797,-73.93113,1,0,DRIVER INATTENTION/DISTRACTION,STATION WAGON/SPORT UTILITY VEHICLE
4513739,2022-03-26,2:10,MANHATTAN,10018.0,40.754707,-73.99164,1,0,FAILURE TO YIELD RIGHT-OF-WAY,BIKE
4514180,2022-03-25,0:00,BRONX,10458.0,40.85713,-73.8808,0,0,DRIVER INATTENTION/DISTRACTION,STATION WAGON/SPORT UTILITY VEHICLE
4514209,2022-03-26,4:00,BRONX,10468.0,40.857418,-73.89996,0,0,UNSAFE SPEED,STATION WAGON/SPORT UTILITY VEHICLE
4513795,2022-03-26,4:34,QUEENS,11385.0,40.702972,-73.888054,0,0,UNSAFE SPEED,SEDAN
4514297,2022-03-09,11:56,UNKNOWN,,40.786366,-73.97598,1,0,FAILURE TO YIELD RIGHT-OF-WAY,STATION WAGON/SPORT UTILITY VEHICLE
4513572,2022-03-26,14:41,BROOKLYN,11228.0,40.624474,-74.00668,0,0,PASSING OR LANE USAGE IMPROPER,STATION WAGON/SPORT UTILITY VEHICLE
4513591,2022-03-26,18:00,QUEENS,11361.0,40.76532,-73.771904,0,0,UNSPECIFIED,SEDAN
4514011,2022-03-26,13:30,UNKNOWN,,40.597683,-73.96686,0,0,DRIVER INATTENTION/DISTRACTION,SEDAN
4513701,2022-03-26,13:20,STATEN ISLAND,10305.0,40.609768,-74.06969,1,0,TRAFFIC CONTROL DISREGARDED,STATION WAGON/SPORT UTILITY VEHICLE
4514155,2022-03-25,21:35,MANHATTAN,10035.0,40.798286,-73.938705,0,0,FOLLOWING TOO CLOSELY,TAXI
4514334,2022-03-23,21:00,QUEENS,11354.0,40.776764,-73.848015,0,0,UNSPECIFIED,SEDAN
4513548,2022-03-26,12:00,QUEENS,11377.0,40.747498,-73.91309,0,0,UNSPECIFIED,SEDAN
4514046,2022-03-26,13:28,BROOKLYN,11206.0,40.701637,-73.942276,1,0,FOLLOWING TOO CLOSELY,STATION WAGON/SPORT UTILITY VEHICLE
4513581,2022-03-26,19:12,QUEENS,11419.0,40.69349,-73.826546,0,0,UNSAFE SPEED,STATION WAGON/SPORT UTILITY VEHICLE
4513772,2022-03-26,21:29,QUEENS,11374.0,40.726463,-73.85943,1,0,UNSAFE SPEED,BIKE
4514221,2022-03-25,13:21,BRONX,10458.0,40.856434,-73.886826,1,0,DRIVER INATTENTION/DISTRACTION,SEDAN
4514277,2022-03-22,8:20,BRONX,10467.0,40.87151,-73.87057,1,0,TURNING IMPROPERLY,SEDAN
4514166,2022-03-26,22:30,BROOKLYN,11238.0,40.68686,-73.96758,0,0,PASSING OR LANE USAGE IMPROPER,SEDAN
4513691,2022-03-26,11:20,UNKNOWN,,40.624763,-73.96518,1,0,ALCOHOL INVOLVEMENT,SEDAN
4513782,2022-03-26,18:17,QUEENS,11422.0,40.678417,-73.729225,0,0,PASSING OR LANE USAGE IMPROPER,SEDAN
4514390,2022-03-14,10:30,QUEENS,11433.0,40.692596,-73.79078,0,0,UNSPECIFIED,STATION WAGON/SPORT UTILITY VEHICLE
4514215,2022-03-26,1:30,UNKNOWN,,40.734486,-73.891754,0,0,DRIVER INATTENTION/DISTRACTION,PICK-UP TRUCK
4513994,2022-03-26,3:23,BRONX,10475.0,40.88399,-73.82641,1,0,FOLLOWING TOO CLOSELY,BOX TRUCK
4513503,2022-03-26,1:45,BROOKLYN,11238.0,40.683872,-73.95998,0,0,DRIVER INATTENTION/DISTRACTION,TAXI
4514151,2022-03-05,14:52,MANHATTAN,10035.0,40.799484,-73.92929,0,0,UNSPECIFIED,SEDAN
4513655,2022-03-26,20:27,UNKNOWN,,40.70839,-74.00482,0,0,PASSING OR LANE USAGE IMPROPER,SEDAN
4514070,2022-03-26,18:19,MANHATTAN,10019.0,40.766502,-73.99418,0,0,UNSPECIFIED,SEDAN
4513952,2022-03-26,23:00,QUEENS,11420.0,40.676304,-73.816284,0,0,ALCOHOL INVOLVEMENT,STATION WAGON/SPORT UTILITY VEHICLE
4513827,2022-03-26,18:00,BROOKLYN,11207.0,40.66447,-73.89593,0,0,UNSAFE SPEED,SEDAN
4514285,2022-03-23,20:40,UNKNOWN,,40.709835,-74.014885,0,0,UNSAFE SPEED,STATION WAGON/SPORT UTILITY VEHICLE
4521782,2022-04-24,11:45,UNKNOWN,,40.585342,-73.94157,0,0,DRIVER INATTENTION/DISTRACTION,SEDAN
4457012,2021-09-11,12:01,MANHATTAN,10016.0,40.746395,-73.9856,0,0,PASSING OR LANE USAGE IMPROPER,STATION WAGON/SPORT UTILITY VEHICLE
4457022,2021-09-10,11:00,BROOKLYN,11230.0,40.617004,-73.96912,0,0,UNSPECIFIED,STATION WAGON/SPORT UTILITY VEHICLE
4456987,2021-09-11,20:15,MANHATTAN,10013.0,40.718662,-74.00615,0,0,UNSPECIFIED,STATION WAGON/SPORT UTILITY VEHICLE
4456970,2021-09-09,8:15,BROOKLYN,11238.0,40.680664,-73.97028,0,0,BACKING UNSAFELY,
4485574,2021-12-10,23:07,BROOKLYN,11233.0,40.67392,-73.91012,0,0,UNSPECIFIED,SEDAN
4485894,2021-12-10,21:50,UNKNOWN,,40.806835,-73.924355,0,0,OTHER VEHICULAR,STATION WAGON/SPORT UTILITY VEHICLE
4485637,2021-11-27,5:40,BROOKLYN,11234.0,40.627735,-73.920105,0,0,UNSPECIFIED,SEDAN
4484930,2021-12-09,5:15,UNKNOWN,,0.0,0.0,1,0,TRAFFIC CONTROL DISREGARDED,SEDAN
4484996,2021-12-08,12:58,BROOKLYN,11225.0,40.661263,-73.955765,0,0,UNSPECIFIED,CONVERTIBLE
4484861,2021-12-08,17:50,UNKNOWN,,40.844883,-73.907295,0,0,FOLLOWING TOO CLOSELY,TRACTOR TRUCK DIESEL
4485177,2021-12-10,4:30,QUEENS,11369.0,40.76104,-73.88162,0,0,DRIVER INATTENTION/DISTRACTION,SEDAN
4485316,2021-12-10,21:22,UNKNOWN,,40.669777,-73.9583,1,0,FAILURE TO YIELD RIGHT-OF-WAY,STATION WAGON/SPORT UTILITY VEHICLE
4485668,2021-12-10,8:30,BRONX,10457.0,40.839443,-73.90436,0,0,UNSAFE LANE CHANGING,AMBULANCE
4485385,2021-12-10,12:15,QUEENS,11101.0,40.75245,-73.94507,0,0,DRIVER INATTENTION/DISTRACTION,STATION WAGON/SPORT UTILITY VEHICLE
4484892,2021-12-08,14:38,BROOKLYN,11217.0,40.687748,-73.980125,0,0,PASSING TOO CLOSELY,STATION WAGON/SPORT UTILITY VEHICLE
4485246,2021-12-03,13:40,UNKNOWN,,40.87356,-73.81853,0,0,UNSPECIFIED,STATION WAGON/SPORT UTILITY VEHICLE
4485893,2021-12-10,8:50,BRONX,10455.0,40.8176,-73.90373,1,0,OTHER VEHICULAR,STATION WAGON/SPORT UTILITY VEHICLE
4485586,2021-12-09,19:45,BROOKLYN,11236.0,40.638428,-73.91275,0,0,UNSPECIFIED,SEDAN
4485696,2021-12-10,16:07,MANHATTAN,10027.0,40.813885,-73.95211,0,0,UNSPECIFIED,SEDAN
4485123,2021-12-08,6:37,UNKNOWN,,,,0,0,FOLLOWING TOO CLOSELY,SEDAN
4485914,2021-12-10,21:20,MANHATTAN,10028.0,40.77733,-73.95456,0,0,UNSAFE SPEED,STATION WAGON/SPORT UTILITY VEHICLE
4485304,2021-12-10,23:16,UNKNOWN,,40.713135,-74.00407,0,0,FAILURE TO YIELD RIGHT-OF-WAY,STATION WAGON/SPORT UTILITY VEHICLE
4485055,2021-12-09,17:21,UNKNOWN,,40.775486,-73.98217,2,0,DRIVER INATTENTION/DISTRACTION,TAXI
4485539,2021-12-09,7:30,BROOKLYN,11223.0,40.591137,-73.97752,0,0,UNSPECIFIED,SEDAN
4485241,2021-11-24,23:58,UNKNOWN,,40.865536,-73.92728,1,0,PEDESTRIAN/BICYCLIST/OTHER PEDESTRIAN ERROR/CONFUSION,
4485153,2021-12-09,17:00,MANHATTAN,10019.0,40.76551,-73.97795,1,0,FOLLOWING TOO CLOSELY,TAXI
4484897,2021-12-08,8:15,BROOKLYN,11230.0,40.63311,-73.97217,0,0,UNSPECIFIED,STATION WAGON/SPORT UTILITY VEHICLE
4456035,2021-09-11,2:20,UNKNOWN,,40.823772,-73.87245,1,0,ALCOHOL INVOLVEMENT,PICK-UP TRUCK
4456704,2021-07-09,12:00,UNKNOWN,,40.84497,-73.90247,0,0,PASSING TOO CLOSELY,STATION WAGON/SPORT UTILITY VEHICLE
4456122,2021-09-11,15:25,UNKNOWN,,,,0,0,UNSPECIFIED,SEDAN
4456919,2021-09-10,14:50,UNKNOWN,,40.675507,-74.00075,0,0,UNSPECIFIED,BOX TRUCK
4456686,2021-07-01,17:45,QUEENS,11691.0,40.609535,-73.75372,0,0,PASSING OR LANE USAGE IMPROPER,STATION WAGON/SPORT UTILITY VEHICLE
4456588,2021-07-07,13:45,MANHATTAN,10014.0,40.730446,-74.00431,0,0,DRIVER INEXPERIENCE,STATION WAGON/SPORT UTILITY VEHICLE
4456879,2021-09-11,12:00,QUEENS,11432.0,40.721645,-73.8026,0,0,UNSPECIFIED,STATION WAGON/SPORT UTILITY VEHICLE
4456573,2021-07-07,17:30,UNKNOWN,,40.853477,-73.82622,0,0,UNSPECIFIED,STATION WAGON/SPORT UTILITY VEHICLE
4455749,2021-09-11,2:55,QUEENS,11420.0,40.66901,-73.80265,0,0,ALCOHOL INVOLVEMENT,SEDAN
4456087,2021-09-11,17:15,STATEN ISLAND,10310.0,40.629475,-74.1123,1,0,UNSPECIFIED,SEDAN
4456941,2021-09-03,17:14,BROOKLYN,11231.0,40.6843,-73.99724,0,0,PASSING TOO CLOSELY,STATION WAGON/SPORT UTILITY VEHICLE
4456691,2021-07-08,12:30,UNKNOWN,,40.767612,-73.950005,0,0,FOLLOWING TOO CLOSELY,TAXI
4456765,2021-08-23,11:50,UNKNOWN,,40.80066,-73.9544,1,0,DRIVER INATTENTION/DISTRACTION,STATION WAGON/SPORT UTILITY VEHICLE
4456435,2021-09-11,21:34,BRONX,10469.0,40.87645,-73.848175,0,0,TURNING IMPROPERLY,SEDAN
4456181,2021-09-11,11:30,QUEENS,11373.0,40.737865,-73.876144,0,0,PASSING OR LANE USAGE IMPROPER,SEDAN
4456550,2021-09-06,10:34,UNKNOWN,,40.764103,-73.93277,1,0,REACTION TO UNINVOLVED VEHICLE,SEDAN
4456615,2021-07-08,15:56,UNKNOWN,,40.66735,-73.76994,1,0,OTHER VEHICULAR,SEDAN
4456647,2021-07-07,23:06,UNKNOWN,,40.824265,-73.95642,0,0,PASSING TOO CLOSELY,SEDAN
4455820,2021-09-11,6:51,UNKNOWN,,40.702045,-73.9156,0,0,BACKING UNSAFELY,SEDAN
4456845,2021-09-07,12:30,UNKNOWN,,40.85306,-73.931,1,0,DRIVER INATTENTION/DISTRACTION,SEDAN
4456191,2021-09-11,4:10,MANHATTAN,10033.0,0.0,0.0,0,0,UNSPECIFIED,STATION WAGON/SPORT UTILITY VEHICLE
4456586,2021-07-08,9:25,UNKNOWN,,40.697315,-73.932274,0,0,TURNING IMPROPERLY,STATION WAGON/SPORT UTILITY VEHICLE
4456718,2021-09-11,6:40,UNKNOWN,,40.679344,-73.859535,0,0,PASSING TOO CLOSELY,SEDAN
4456821,2021-09-11,17:35,QUEENS,11435.0,40.708923,-73.81877,0,0,UNSPECIFIED,SEDAN
4456608,2021-07-08,17:17,STATEN ISLAND,10304.0,40.60203,-74.09572,1,0,LOST CONSCIOUSNESS,SEDAN
4456531,2021-09-10,3:00,UNKNOWN,,40.693787,-73.81173,1,0,UNSAFE SPEED,STATION WAGON/SPORT UTILITY VEHICLE
4455832,2021-09-11,5:59,BRONX,10459.0,40.826767,-73.888855,0,0,UNSPECIFIED,STATION WAGON/SPORT UTILITY VEHICLE
4456735,2021-09-09,11:39,STATEN ISLAND,10306.0,40.56692,-74.116234,1,0,PASSING OR LANE USAGE IMPROPER,SEDAN
4408019,2021-04-13,17:30,QUEENS,11106.0,,,0,0,DRIVER INATTENTION/DISTRACTION,SEDAN
4456734,2021-09-11,17:40,BROOKLYN,11228.0,40.623913,-74.00726,0,0,DRIVER INATTENTION/DISTRACTION,SEDAN
4455983,2021-09-11,22:15,UNKNOWN,,40.592422,-73.99508,0,0,FOLLOWING TOO CLOSELY,SEDAN
4456323,2021-09-11,7:15,BROOKLYN,11207.0,40.6783,-73.88988,0,0,UNSPECIFIED,SEDAN
4456889,2021-09-10,17:00,QUEENS,11372.0,40.748962,-73.89176,0,0,DRIVER INATTENTION/DISTRACTION,SEDAN
4456679,2021-07-08,11:33,BROOKLYN,11236.0,40.631508,-73.90506,0,0,DRIVER INEXPERIENCE,SEDAN
4456373,2021-09-11,21:48,UNKNOWN,,40.677322,-73.790955,0,0,ALCOHOL INVOLVEMENT,STATION WAGON/SPORT UTILITY VEHICLE
4513885,2022-03-26,10:30,UNKNOWN,,40.57666,-73.965836,0,0,FOLLOWING TOO CLOSELY,STATION WAGON/SPORT UTILITY VEHICLE
4456758,2021-09-11,19:00,UNKNOWN,,40.804585,-73.94782,1,0,TRAFFIC CONTROL DISREGARDED,TAXI
4456498,2021-09-11,22:23,BRONX,10452.0,40.832916,-73.92939,0,0,FOLLOWING TOO CLOSELY,STATION WAGON/SPORT UTILITY VEHICLE
4455941,2021-09-11,15:00,QUEENS,11428.0,40.722515,-73.73332,1,0,UNSPECIFIED,SEDAN
4456778,2021-09-10,10:20,QUEENS,11419.0,40.692127,-73.83484,2,0,FAILURE TO YIELD RIGHT-OF-WAY,SEDAN
4455883,2021-09-11,0:00,BRONX,10474.0,40.807537,-73.8798,0,0,TRAFFIC CONTROL DISREGARDED,STATION WAGON/SPORT UTILITY VEHICLE
4456627,2021-07-06,15:01,BRONX,10467.0,40.878128,-73.86944,0,0,OTHER VEHICULAR,STATION WAGON/SPORT UTILITY VEHICLE
4456640,2021-07-09,4:00,UNKNOWN,,40.75777,-73.854164,0,0,DRIVER INATTENTION/DISTRACTION,SEDAN
4456812,2021-09-10,8:45,BROOKLYN,11212.0,40.6569,-73.907486,0,0,UNSPECIFIED,SEDAN
4455924,2021-09-11,11:51,UNKNOWN,,40.845024,-73.92632,1,0,DRIVER INATTENTION/DISTRACTION,STATION WAGON/SPORT UTILITY VEHICLE
4455894,2021-09-11,18:50,BRONX,10459.0,40.817795,-73.89319,1,0,UNSPECIFIED,STATION WAGON/SPORT UTILITY VEHICLE
4456596,2021-07-02,7:10,UNKNOWN,,40.81915,-73.93062,1,0,DRIVER INEXPERIENCE,STATION WAGON/SPORT UTILITY VEHICLE
4456742,2021-09-06,13:26,STATEN ISLAND,10314.0,40.591778,-74.12734,0,0,BACKING UNSAFELY,SEDAN
4455969,2021-09-11,5:30,QUEENS,11101.0,40.753994,-73.94244,1,0,FOLLOWING TOO CLOSELY,STATION WAGON/SPORT UTILITY VEHICLE
4455841,2021-09-11,12:55,MANHATTAN,10012.0,40.724846,-73.999,1,0,PASSING OR LANE USAGE IMPROPER,STATION WAGON/SPORT UTILITY VEHICLE
4456497,2021-09-11,14:00,UNKNOWN,,,,2,0,FOLLOWING TOO CLOSELY,STATION WAGON/SPORT UTILITY VEHICLE
4456711,2021-07-09,12:30,UNKNOWN,,40.822933,-73.93813,0,0,OTHER VEHICULAR,BOX TRUCK
4456154,2021-09-11,13:00,UNKNOWN,,40.680477,-73.951164,1,0,DRIVER INATTENTION/DISTRACTION,SEDAN
4456204,2021-09-11,15:00,BROOKLYN,11203.0,40.648243,-73.929,0,0,BACKING UNSAFELY,SEDAN
4456683,2021-07-08,15:30,BROOKLYN,11236.0,40.64366,-73.90067,1,0,DRIVER INATTENTION/DISTRACTION,SEDAN
4456696,2021-07-09,11:15,UNKNOWN,,40.6843,-73.94121,0,0,PASSING TOO CLOSELY,STATION WAGON/SPORT UTILITY VEHICLE
4456521,2021-09-02,10:45,UNKNOWN,,40.602425,-74.091354,1,0,LOST CONSCIOUSNESS,SEDAN
4456865,2021-09-07,17:35,BROOKLYN,11225.0,40.662037,-73.95077,1,0,DRIVER INATTENTION/DISTRACTION,FLAT BED
4456389,2021-09-11,19:08,BROOKLYN,11217.0,40.68164,-73.98568,0,0,FOLLOWING TOO CLOSELY,TAXI
4456512,2021-09-11,10:25,MANHATTAN,10128.0,40.781315,-73.94614,0,0,BACKING UNSAFELY,STATION WAGON/SPORT UTILITY VEHICLE
4455860,2021-09-11,14:00,UNKNOWN,,40.74498,-73.89325,0,0,UNSPECIFIED,STATION WAGON/SPORT UTILITY VEHICLE
4456782,2021-08-29,0:12,UNKNOWN,,40.6117,-74.13918,1,0,DRIVER INATTENTION/DISTRACTION,MOTORCYCLE
4455949,2021-09-11,23:48,BROOKLYN,11234.0,40.616295,-73.92991,0,0,UNSAFE SPEED,STATION WAGON/SPORT UTILITY VEHICLE
4456097,2021-09-11,1:45,QUEENS,11356.0,40.78322,-73.84586,0,0,FAILURE TO YIELD RIGHT-OF-WAY,STATION WAGON/SPORT UTILITY VEHICLE
4456623,2021-07-08,17:13,BRONX,10469.0,40.87122,-73.83709,0,0,DRIVER INATTENTION/DISTRACTION,SEDAN
4456775,2021-09-09,11:39,QUEENS,11416.0,40.680077,-73.852684,0,0,FAILURE TO YIELD RIGHT-OF-WAY,SEDAN
4456664,2021-07-06,19:00,BRONX,10457.0,40.843384,-73.88987,0,0,DRIVER INATTENTION/DISTRACTION,SEDAN
4456370,2021-09-11,17:19,UNKNOWN,,40.680023,-73.794624,0,0,PASSING TOO CLOSELY,SEDAN
4456567,2021-07-06,18:00,BROOKLYN,11222.0,40.72937,-73.955444,0,0,OBSTRUCTION/DEBRIS,SEDAN
4456628,2021-07-05,17:20,BROOKLYN,11208.0,40.683754,-73.88565,0,0,DRIVER INEXPERIENCE,E-BIKE
4456844,2021-09-11,9:10,UNKNOWN,,40.70413,-73.76984,0,0,TURNING IMPROPERLY,STATION WAGON/SPORT UTILITY VEHICLE
4455985,2021-09-11,21:45,BROOKLYN,11223.0,40.609985,-73.96239,0,0,UNSPECIFIED,SEDAN
4456655,2021-07-09,6:51,BROOKLYN,11208.0,40.673676,-73.86576,1,0,VIEW OBSTRUCTED/LIMITED,SEDAN
4456058,2021-09-11,21:00,MANHATTAN,10168.0,40.751442,-73.97606,1,0,UNSPECIFIED,STATION WAGON/SPORT UTILITY VEHICLE
4456600,2021-07-08,14:30,BRONX,10464.0,40.86514,-73.801544,1,0,UNSPECIFIED,SEDAN
4455907,2021-09-11,18:38,QUEENS,11375.0,40.72218,-73.84406,0,0,PASSING OR LANE USAGE IMPROPER,SEDAN
4456549,2021-09-11,15:28,MANHATTAN,10035.0,40.797924,-73.9296,0,0,UNSPECIFIED,STATION WAGON/SPORT UTILITY VEHICLE
4456897,2021-09-05,16:40,UNKNOWN,,40.626373,-73.99754,0,0,DRIVER INATTENTION/DISTRACTION,SEDAN
4456407,2021-09-11,5:26,UNKNOWN,,40.883133,-73.882095,1,0,LOST CONSCIOUSNESS,SEDAN
4456480,2021-09-11,12:30,BRONX,10470.0,40.90222,-73.85589,0,0,AGGRESSIVE DRIVING/ROAD RAGE,SEDAN
4456829,2021-09-10,12:10,QUEENS,11366.0,40.72717,-73.78739,0,0,BACKING UNSAFELY,MOTORCYCLE
4456660,2021-06-26,10:30,QUEENS,11691.0,40.600792,-73.76711,0,0,UNSPECIFIED,STATION WAGON/SPORT UTILITY VEHICLE
4456715,2021-07-01,21:00,UNKNOWN,,40.84434,-73.91475,0,0,UNSAFE LANE CHANGING,SEDAN
4408080,2021-04-16,17:55,BROOKLYN,11233.0,40.67922,-73.90405,0,0,UNSPECIFIED,SEDAN
4456543,2021-09-11,13:10,MANHATTAN,10035.0,40.802982,-73.93815,0,0,DRIVER INATTENTION/DISTRACTION,TAXI
4456592,2021-07-04,0:58,BROOKLYN,11222.0,40.731544,-73.955315,1,0,DRIVER INATTENTION/DISTRACTION,SEDAN
4456140,2021-09-11,2:38,QUEENS,11420.0,40.683323,-73.80648,1,0,UNSAFE SPEED,STATION WAGON/SPORT UTILITY VEHICLE
4456577,2021-07-04,21:00,BROOKLYN,11222.0,40.732006,-73.95795,1,0,ALCOHOL INVOLVEMENT,SEDAN
4456200,2021-09-11,18:00,BROOKLYN,11212.0,40.6544,-73.92044,1,0,FAILURE TO YIELD RIGHT-OF-WAY,SEDAN
4456687,2021-07-02,16:45,QUEENS,11692.0,40.589592,-73.786385,0,0,UNSAFE SPEED,SEDAN
4456076,2021-09-11,15:10,UNKNOWN,,40.736164,-73.97891,0,0,TRAFFIC CONTROL DISREGARDED,BIKE
4456692,2021-07-03,10:18,QUEENS,11691.0,40.59723,-73.76237,1,0,FAILURE TO YIELD RIGHT-OF-WAY,STATION WAGON/SPORT UTILITY VEHICLE
4456921,2021-09-11,14:40,BROOKLYN,11231.0,40.67393,-73.999954,2,0,DRIVER INATTENTION/DISTRACTION,SEDAN
4456350,2021-09-11,2:00,UNKNOWN,,40.840153,-73.88572,0,0,UNSAFE SPEED,STATION WAGON/SPORT UTILITY VEHICLE
4456751,2021-09-11,23:00,UNKNOWN,,40.599503,-74.067116,0,0,UNSPECIFIED,SEDAN
4456619,2021-07-04,8:00,BRONX,10473.0,40.822456,-73.868065,0,0,UNSPECIFIED,SEDAN
4456001,2021-09-11,15:30,BROOKLYN,11223.0,40.59841,-73.97592,0,0,DRIVER INATTENTION/DISTRACTION,STATION WAGON/SPORT UTILITY VEHICLE
4456560,2021-09-11,14:30,QUEENS,11421.0,40.697083,-73.85476,0,0,PASSING TOO CLOSELY,STATION WAGON/SPORT UTILITY VEHICLE
4456632,2021-07-08,6:00,BRONX,10470.0,40.896385,-73.87246,0,0,TURNING IMPROPERLY,SEDAN
4456853,2021-08-11,0:01,UNKNOWN,,40.695637,-73.80372,0,0,UNSAFE SPEED,SEDAN
4456250,2021-09-11,9:30,UNKNOWN,,40.69982,-73.996254,0,0,PASSING TOO CLOSELY,STATION WAGON/SPORT UTILITY VEHICLE
4456750,2021-09-11,16:40,UNKNOWN,,40.590313,-74.09794,0,0,PASSING OR LANE USAGE IMPROPER,STATION WAGON/SPORT UTILITY VEHICLE
4456089,2021-09-11,18:05,UNKNOWN,,40.787544,-73.82394,0,0,FAILURE TO YIELD RIGHT-OF-WAY,SEDAN
4456279,2021-09-11,2:00,BROOKLYN,11208.0,40.67539,-73.88113,0,0,DRIVER INATTENTION/DISTRACTION,STATION WAGON/SPORT UTILITY VEHICLE
4456768,2021-09-07,8:03,STATEN ISLAND,10301.0,40.634007,-74.07516,1,0,DRIVER INATTENTION/DISTRACTION,E-BIKE
4456183,2021-09-11,13:53,QUEENS,11373.0,40.73844,-73.88628,0,0,BACKING UNSAFELY,SEDAN
4456582,2021-07-08,11:50,UNKNOWN,,40.60855,-74.13216,2,0,DRIVER INATTENTION/DISTRACTION,STATION WAGON/SPORT UTILITY VEHICLE
4456789,2021-09-11,14:00,UNKNOWN,,40.58573,-74.16865,0,0,DRIVER INATTENTION/DISTRACTION,STATION WAGON/SPORT UTILITY VEHICLE
4455757,2021-09-11,7:09,BROOKLYN,11229.0,40.599907,-73.94664,1,0,UNSPECIFIED,SEDAN
4456604,2021-07-08,15:40,MANHATTAN,10035.0,40.806713,-73.93782,0,0,DRIVER INEXPERIENCE,STATION WAGON/SPORT UTILITY VEHICLE
4457032,2021-09-07,3:00,QUEENS,11372.0,40.748318,-73.87742,1,0,DRIVER INATTENTION/DISTRACTION,SEDAN
4456651,2021-07-05,6:00,QUEENS,11434.0,40.68651,-73.76815,0,0,OTHER VEHICULAR,SEDAN
4456045,2021-09-11,10:48,UNKNOWN,,,,1,0,UNSPECIFIED,STATION WAGON/SPORT UTILITY VEHICLE
4456537,2021-09-10,19:15,UNKNOWN,,40.624203,-74.177124,0,0,PASSING OR LANE USAGE IMPROPER,SEDAN
4456646,2021-07-06,9:37,UNKNOWN,,40.744526,-73.77161,2,0,DRIVER INATTENTION/DISTRACTION,BOX TRUCK
4456631,2021-07-01,15:30,UNKNOWN,,40.576965,-74.16974,0,0,DRIVER INATTENTION/DISTRACTION,SEDAN
4456572,2021-07-07,18:04,BRONX,10461.0,40.8502,-73.8302,1,0,FOLLOWING TOO CLOSELY,STATION WAGON/SPORT UTILITY VEHICLE
4456851,2021-09-08,17:40,MANHATTAN,10013.0,40.715477,-73.998085,0,0,DRIVER INATTENTION/DISTRACTION,BOX TRUCK
4455822,2021-09-11,7:33,BROOKLYN,11229.0,40.611477,-73.94883,1,0,UNSPECIFIED,STATION WAGON/SPORT UTILITY VEHICLE
4456587,2021-07-08,11:50,UNKNOWN,,40.681515,-73.90412,1,0,PASSING OR LANE USAGE IMPROPER,STATION WAGON/SPORT UTILITY VEHICLE
4455993,2021-09-11,8:00,BROOKLYN,11204.0,40.61578,-73.99995,0,0,DRIVER INATTENTION/DISTRACTION,AMBULANCE
4456721,2021-09-08,8:43,MANHATTAN,10031.0,40.82207,-73.94993,1,0,DRIVER INATTENTION/DISTRACTION,SEDAN
4456186,2021-09-11,23:00,QUEENS,11368.0,40.74606,-73.85583,0,0,UNSPECIFIED,SEDAN
4456819,2021-09-09,12:00,QUEENS,,40.72013,-73.79038,1,0,UNSPECIFIED,MOTORCYCLE
4456609,2021-07-07,17:13,QUEENS,11433.0,40.688435,-73.78765,1,0,DRIVER INATTENTION/DISTRACTION,STATION WAGON/SPORT UTILITY VEHICLE
4456078,2021-09-11,18:03,BRONX,10457.0,40.84964,-73.89661,2,0,FAILURE TO YIELD RIGHT-OF-WAY,STATION WAGON/SPORT UTILITY VEHICLE
4456529,2021-09-09,17:00,QUEENS,11416.0,40.68329,-73.85491,0,0,DRIVER INEXPERIENCE,SEDAN
4456726,2021-09-08,18:13,MANHATTAN,10027.0,40.812912,-73.95364,0,0,DRIVER INEXPERIENCE,TAXI
4456558,2021-09-11,20:50,QUEENS,11434.0,40.6639,-73.7804,0,0,PASSING OR LANE USAGE IMPROPER,STATION WAGON/SPORT UTILITY VEHICLE
4456705,2021-07-05,0:16,QUEENS,11691.0,40.59312,-73.772705,0,0,DRIVER INEXPERIENCE,SEDAN
4456123,2021-09-11,18:21,UNKNOWN,,,,0,0,UNSPECIFIED,SEDAN
4456673,2021-06-29,16:26,UNKNOWN,,40.596687,-73.74422,0,0,FOLLOWING TOO CLOSELY,STATION WAGON/SPORT UTILITY VEHICLE
4456641,2021-07-09,3:52,UNKNOWN,,,,0,0,PAVEMENT SLIPPERY,SEDAN
4456599,2021-07-08,8:50,UNKNOWN,,40.673107,-73.99959,0,0,UNSAFE LANE CHANGING,TOW TRUCK / WRECKER
4456688,2021-07-09,10:38,BROOKLYN,11236.0,40.63874,-73.8952,1,0,TINTED WINDOWS,SEDAN
4455904,2021-09-11,17:45,QUEENS,11422.0,40.675255,-73.73207,0,0,DRIVER INATTENTION/DISTRACTION,SEDAN
4455927,2021-09-11,1:30,BRONX,10453.0,40.846313,-73.92385,0,0,PASSING TOO CLOSELY,DUMP
4456395,2021-09-11,2:00,BROOKLYN,11229.0,40.608364,-73.95727,1,0,DRIVER INATTENTION/DISTRACTION,
4456745,2021-09-11,17:08,UNKNOWN,,,,0,0,FOLLOWING TOO CLOSELY,SEDAN
4456636,2021-07-08,23:25,BROOKLYN,11208.0,40.682724,-73.88539,0,0,DRIVER INATTENTION/DISTRACTION,STATION WAGON/SPORT UTILITY VEHICLE
4456036,2021-09-11,1:20,BRONX,10473.0,40.80789,-73.852844,0,0,AGGRESSIVE DRIVING/ROAD RAGE,SEDAN
4456785,2021-09-10,0:00,UNKNOWN,,40.607754,-74.13205,1,0,FAILURE TO YIELD RIGHT-OF-WAY,STATION WAGON/SPORT UTILITY VEHICLE
4456517,2021-09-08,16:33,MANHATTAN,10001.0,,,0,0,UNSAFE LANE CHANGING,STATION WAGON/SPORT UTILITY VEHICLE
4456764,2021-09-10,11:17,UNKNOWN,,40.708324,-73.84314,1,0,FOLLOWING TOO CLOSELY,TAXI
4456791,2021-09-10,17:08,MANHATTAN,10029.0,40.79194,-73.95281,1,0,UNSPECIFIED,TAXI
4456614,2021-07-08,17:55,MANHATTAN,10002.0,40.718792,-73.98902,1,0,DRIVER INATTENTION/DISTRACTION,MOTORCYCLE
4455863,2021-09-11,13:35,UNKNOWN,,40.86463,-73.892136,0,0,DRIVER INATTENTION/DISTRACTION,SEDAN
4456313,2021-09-11,0:50,BROOKLYN,11207.0,40.67856,-73.889015,0,0,FELL ASLEEP,SEDAN
4456409,2021-09-11,3:00,UNKNOWN,,40.721474,-73.98383,0,0,PASSING TOO CLOSELY,TOW TRUCK / WRECKER
4455916,2021-09-11,4:41,MANHATTAN,10029.0,40.79184,-73.93556,0,0,UNSPECIFIED,SEDAN
4456096,2021-09-11,21:05,UNKNOWN,,40.78076,-73.825424,0,0,PASSING OR LANE USAGE IMPROPER,SEDAN
4456878,2021-09-11,20:59,UNKNOWN,,40.7359,-73.91338,0,0,DRIVER INATTENTION/DISTRACTION,SEDAN
4456568,2021-07-04,22:22,UNKNOWN,,,,1,0,,
4456953,2021-09-10,21:03,MANHATTAN,10002.0,40.710697,-73.984634,1,0,UNSPECIFIED,SEDAN
4456522,2021-09-10,14:35,UNKNOWN,,40.760777,-73.95702,1,0,FOLLOWING TOO CLOSELY,SEDAN
4456700,2021-06-26,17:23,BRONX,10474.0,40.81358,-73.89385,0,0,UNSPECIFIED,SEDAN
4456023,2021-09-11,23:18,UNKNOWN,,40.575302,-73.98453,1,0,PASSING OR LANE USAGE IMPROPER,SEDAN
4456810,2021-09-10,13:10,BROOKLYN,11212.0,40.66843,-73.91919,0,0,DRIVER INATTENTION/DISTRACTION,SEDAN
4456105,2021-09-11,15:45,UNKNOWN,,40.81701,-73.9595,0,0,UNSPECIFIED,SEDAN
4456668,2021-07-08,16:00,BRONX,10458.0,40.85755,-73.882835,0,0,BACKING UNSAFELY,STATION WAGON/SPORT UTILITY VEHICLE
4456867,2021-09-02,19:56,UNKNOWN,,40.89711,-73.88008,0,0,UNSPECIFIED,SEDAN
4456988,2021-09-11,15:45,UNKNOWN,,40.685795,-73.911644,0,0,FOLLOWING TOO CLOSELY,STATION WAGON/SPORT UTILITY VEHICLE
4456859,2021-09-07,22:30,UNKNOWN,,40.69305,-73.799446,0,0,DRIVER INATTENTION/DISTRACTION,STATION WAGON/SPORT UTILITY VEHICLE
4456663,2021-06-25,14:35,QUEENS,11691.0,40.609535,-73.75372,0,0,UNSPECIFIED,PICK-UP TRUCK
4456624,2021-07-08,18:40,UNKNOWN,,40.720627,-74.00522,0,0,UNSAFE LANE CHANGING,SEDAN
4456563,2021-07-04,4:00,QUEENS,11369.0,40.763496,-73.87814,1,0,UNSPECIFIED,STATION WAGON/SPORT UTILITY VEHICLE
4456656,2021-07-08,21:19,QUEENS,11416.0,40.686646,-73.849075,1,0,UNSAFE SPEED,SEDAN
4456388,2021-09-11,15:01,BROOKLYN,11235.0,40.579445,-73.9544,0,0,DRIVER INATTENTION/DISTRACTION,SEDAN
4456757,2021-09-10,19:00,MANHATTAN,10019.0,40.762966,-73.973976,0,0,DRIVER INATTENTION/DISTRACTION,SEDAN
4455827,2021-09-11,0:20,UNKNOWN,,40.76555,-73.83911,3,0,DRIVER INEXPERIENCE,SEDAN
4456511,2021-09-10,10:55,MANHATTAN,10028.0,40.779602,-73.95553,0,0,BACKING UNSAFELY,SEDAN
4456741,2021-09-11,1:39,STATEN ISLAND,10312.0,40.553192,-74.164345,0,0,UNSAFE SPEED,SEDAN
4455973,2021-09-11,18:16,BRONX,10460.0,40.836094,-73.883995,0,0,FAILURE TO YIELD RIGHT-OF-WAY,E-BIKE
4456695,2021-07-08,12:58,BROOKLYN,11229.0,40.59692,-73.94122,0,0,UNSPECIFIED,SEDAN
4456420,2021-09-11,22:30,BROOKLYN,11204.0,40.62318,-73.98611,0,0,UNSPECIFIED,SEDAN
4456317,2021-09-11,18:55,BROOKLYN,11207.0,40.67562,-73.88826,0,0,UNSPECIFIED,TOW TRUCK / WRECKER
4456781,2021-09-07,12:42,MANHATTAN,10026.0,40.80609,-73.95414,0,0,UNSAFE SPEED,SEDAN
4457006,2021-09-10,17:39,BRONX,10467.0,40.87739,-73.8665,1,0,UNSAFE LANE CHANGING,STATION WAGON/SPORT UTILITY VEHICLE
4456149,2021-09-11,19:20,UNKNOWN,,40.689133,-73.951324,0,0,DRIVER INATTENTION/DISTRACTION,SEDAN
4456667,2021-06-30,19:20,BRONX,10452.0,40.83604,-73.92222,0,0,PASSING OR LANE USAGE IMPROPER,SEDAN
4456885,2021-09-10,20:19,MANHATTAN,10021.0,40.76649,-73.95696,0,0,DRIVER INATTENTION/DISTRACTION,STATION WAGON/SPORT UTILITY VEHICLE
4456595,2021-07-08,13:26,BROOKLYN,11222.0,40.731613,-73.9545,1,0,PEDESTRIAN/BICYCLIST/OTHER PEDESTRIAN ERROR/CONFUSION,PICK-UP TRUCK
4456980,2021-09-11,8:45,MANHATTAN,10038.0,40.708324,-74.00311,0,0,DRIVER INATTENTION/DISTRACTION,SEDAN
4456203,2021-09-11,19:00,BROOKLYN,11203.0,40.65375,-73.931274,0,0,UNSAFE SPEED,STATION WAGON/SPORT UTILITY VEHICLE
4456564,2021-07-04,23:50,UNKNOWN,,,,0,0,DRIVER INATTENTION/DISTRACTION,SEDAN
4456678,2021-07-01,8:10,QUEENS,11691.0,40.60675,-73.756645,0,0,PASSING TOO CLOSELY,STATION WAGON/SPORT UTILITY VEHICLE
4456052,2021-09-11,3:00,UNKNOWN,,,,0,0,UNSPECIFIED,VAN
4514217,2022-03-25,9:55,QUEENS,11101.0,40.743534,-73.93951,0,0,DRIVER INATTENTION/DISTRACTION,SEDAN
4456903,2021-09-01,19:30,QUEENS,11434.0,40.678364,-73.77949,1,0,FAILURE TO YIELD RIGHT-OF-WAY,SEDAN
4456982,2021-09-10,15:20,MANHATTAN,10013.0,40.724274,-74.01136,1,0,DRIVER INATTENTION/DISTRACTION,SEDAN
4456544,2021-09-11,15:30,UNKNOWN,,,,0,0,FOLLOWING TOO CLOSELY,SEDAN
4456104,2021-09-11,14:34,MANHATTAN,10031.0,40.8188,-73.956024,0,0,DRIVER INEXPERIENCE,BOX TRUCK
4456860,2021-09-10,9:00,QUEENS,11433.0,40.69558,-73.788704,0,0,DRIVER INATTENTION/DISTRACTION,PICK-UP TRUCK
4456454,2021-09-11,3:25,UNKNOWN,,40.80484,-73.912796,0,0,UNSPECIFIED,PICK-UP TRUCK
4455840,2021-09-11,1:00,BROOKLYN,11225.0,40.658466,-73.96049,0,0,DRIVER INATTENTION/DISTRACTION,PICK-UP TRUCK
4456235,2021-09-11,11:25,BRONX,10468.0,40.868164,-73.90054,1,0,DRIVER INATTENTION/DISTRACTION,SEDAN
4455935,2021-09-11,21:30,BROOKLYN,11225.0,40.66169,-73.96143,2,0,DRIVER INEXPERIENCE,SEDAN
4456710,2021-07-09,12:30,BRONX,10467.0,40.87037,-73.87052,1,0,DRIVER INATTENTION/DISTRACTION,E-BIKE
4457021,2021-09-05,21:18,QUEENS,11412.0,40.69674,-73.76292,5,0,UNSPECIFIED,SEDAN
4456296,2021-09-11,3:00,BROOKLYN,11207.0,40.65958,-73.89247,0,0,DRIVER INATTENTION/DISTRACTION,STATION WAGON/SPORT UTILITY VEHICLE
4456043,2021-09-11,11:30,UNKNOWN,,40.83232,-73.87395,3,0,UNSAFE SPEED,STATION WAGON/SPORT UTILITY VEHICLE
4456227,2021-09-11,21:35,QUEENS,11385.0,40.708534,-73.914925,0,0,UNSPECIFIED,SEDAN
4456682,2021-07-08,16:04,QUEENS,11105.0,40.777496,-73.90784,0,0,UNSPECIFIED,SEDAN
4456576,2021-07-02,14:00,UNKNOWN,,40.83406,-73.944885,1,0,DRIVER INATTENTION/DISTRACTION,
4456134,2021-09-11,23:20,QUEENS,11430.0,40.66615,-73.80575,1,0,FOLLOWING TOO CLOSELY,SEDAN
4456583,2021-07-08,12:25,UNKNOWN,,,,1,0,UNSPECIFIED,SEDAN
4456605,2021-07-08,15:15,MANHATTAN,10039.0,40.82324,-73.938835,0,0,PASSING TOO CLOSELY,SEDAN
4456699,2021-07-09,12:22,QUEENS,11435.0,40.6974,-73.80952,0,0,FAILURE TO YIELD RIGHT-OF-WAY,BUS
4456536,2021-09-09,15:15,UNKNOWN,,,,0,0,UNSAFE SPEED,PICK-UP TRUCK
4456650,2021-07-09,3:25,QUEENS,11434.0,40.67897,-73.75985,0,0,TRAFFIC CONTROL DISREGARDED,SEDAN
4456752,2021-09-11,2:05,STATEN ISLAND,10304.0,40.590313,-74.09794,0,0,ANIMALS ACTION,STATION WAGON/SPORT UTILITY VEHICLE
4456637,2021-07-09,0:00,BROOKLYN,11239.0,40.654343,-73.864204,0,0,PASSING TOO CLOSELY,STATION WAGON/SPORT UTILITY VEHICLE
4456769,2021-09-11,15:30,STATEN ISLAND,10310.0,40.62782,-74.12126,0,0,DRIVER INATTENTION/DISTRACTION,SEDAN
4456786,2021-09-10,21:27,UNKNOWN,,40.592037,-74.15436,2,0,DRIVER INATTENTION/DISTRACTION,SEDAN
4456798,2021-09-08,10:10,UNKNOWN,,40.79293,-73.950005,1,0,PEDESTRIAN/BICYCLIST/OTHER PEDESTRIAN ERROR/CONFUSION,SEDAN
4456410,2021-09-11,10:00,UNKNOWN,,40.8452,-73.916885,1,0,REACTION TO UNINVOLVED VEHICLE,MOTORCYCLE
4455912,2021-09-11,7:58,QUEENS,11367.0,40.72609,-73.830154,0,0,DRIVER INATTENTION/DISTRACTION,SEDAN
4455917,2021-09-11,16:25,MANHATTAN,10022.0,40.76092,-73.96704,0,0,DRIVER INATTENTION/DISTRACTION,TAXI
4136992,2019-05-21,22:50,BROOKLYN,11201.0,40.69754,-73.98312,0,0,PASSING OR LANE USAGE IMPROPER,ï¿½MBU
4277087,2020-01-21,15:49,UNKNOWN,,,,0,0,DRIVER INATTENTION/DISTRACTION,SEDAN
4395664,2021-02-26,14:50,BRONX,10461.0,40.843464,-73.836,0,0,UNSPECIFIED,STATION WAGON/SPORT UTILITY VEHICLE
4397513,2021-03-09,11:00,UNKNOWN,,40.692547,-73.990974,1,0,FOLLOWING TOO CLOSELY,PICK-UP TRUCK
4403773,2021-03-31,22:20,BROOKLYN,11234.0,40.626457,-73.918,1,0,DRIVER INEXPERIENCE,SEDAN
4405244,2021-04-06,22:58,STATEN ISLAND,10312.0,40.526894,-74.16728,7,0,FAILURE TO YIELD RIGHT-OF-WAY,STATION WAGON/SPORT UTILITY VEHICLE
4405914,2021-04-09,14:45,UNKNOWN,,40.840775,-73.87246,1,0,DRIVER INATTENTION/DISTRACTION,SEDAN
4408191,2021-04-14,13:00,UNKNOWN,,,,0,0,FOLLOWING TOO CLOSELY,STATION WAGON/SPORT UTILITY VEHICLE
4407366,2021-04-14,11:00,UNKNOWN,,40.694035,-73.72679,1,0,BRAKES DEFECTIVE,STATION WAGON/SPORT UTILITY VEHICLE
4408149,2021-04-16,21:15,UNKNOWN,,,,0,0,DRIVER INATTENTION/DISTRACTION,STATION WAGON/SPORT UTILITY VEHICLE
4407778,2021-04-15,13:30,BRONX,10461.0,40.857365,-73.84657,0,0,FOLLOWING TOO CLOSELY,SEDAN
4407461,2021-04-14,14:40,UNKNOWN,,40.698807,-73.91837,0,0,PASSING TOO CLOSELY,BOX TRUCK
4407407,2021-04-14,21:43,QUEENS,11429.0,40.71402,-73.74827,0,0,TURNING IMPROPERLY,STATION WAGON/SPORT UTILITY VEHICLE
4407900,2021-04-16,17:40,BRONX,10474.0,40.815,-73.89402,0,0,UNSPECIFIED,SEDAN
4407760,2021-04-16,0:50,UNKNOWN,,40.55079,-74.20098,0,0,DRIVER INEXPERIENCE,SEDAN
4407746,2021-04-15,10:30,BROOKLYN,11207.0,40.655903,-73.89817,0,0,UNSPECIFIED,SEDAN
4408143,2021-04-16,16:35,BRONX,10475.0,40.890076,-73.819855,2,0,UNSAFE SPEED,STATION WAGON/SPORT UTILITY VEHICLE
4407638,2021-04-15,17:20,BROOKLYN,11236.0,40.650402,-73.89422,1,0,FOLLOWING TOO CLOSELY,SEDAN
4407958,2021-04-16,21:20,MANHATTAN,10025.0,40.79335,-73.97275,0,0,BACKING UNSAFELY,SEDAN
4407885,2021-04-16,17:20,MANHATTAN,10012.0,40.72538,-74.00011,0,0,DRIVER INATTENTION/DISTRACTION,STATION WAGON/SPORT UTILITY VEHICLE
4407616,2021-04-15,14:30,QUEENS,11377.0,40.75184,-73.90358,0,0,DRIVER INATTENTION/DISTRACTION,SEDAN
4456355,2021-09-11,22:57,UNKNOWN,,40.755516,-73.961105,2,0,UNSAFE SPEED,PK
4408038,2021-04-16,23:20,BROOKLYN,11226.0,40.649788,-73.9622,3,0,UNSPECIFIED,STATION WAGON/SPORT UTILITY VEHICLE
4408224,2021-04-16,18:15,BROOKLYN,11221.0,40.686928,-73.920815,0,0,DRIVER INATTENTION/DISTRACTION,SEDAN
4407392,2021-04-14,13:00,BROOKLYN,11211.0,40.712963,-73.93647,0,0,PASSING OR LANE USAGE IMPROPER,PICK-UP TRUCK
4456603,2021-06-30,11:47,QUEENS,11412.0,40.694294,-73.74868,0,0,PASSING TOO CLOSELY,STATION WAGON/SPORT UTILITY VEHICLE
4407765,2021-04-14,20:14,UNKNOWN,,40.801285,-73.95394,0,0,DRIVER INATTENTION/DISTRACTION,SEDAN
4407821,2021-04-14,15:16,BROOKLYN,11220.0,40.633976,-74.02211,1,0,PASSING TOO CLOSELY,SEDAN
4407971,2021-04-15,19:30,UNKNOWN,,40.670296,-73.997604,0,0,UNSPECIFIED,SEDAN
4408071,2021-04-16,13:15,UNKNOWN,,40.66423,-73.919106,0,0,VIEW OBSTRUCTED/LIMITED,STATION WAGON/SPORT UTILITY VEHICLE
4407430,2021-04-14,21:08,BRONX,10451.0,40.817696,-73.922615,0,0,STEERING FAILURE,STATION WAGON/SPORT UTILITY VEHICLE
4408259,2021-04-13,20:34,BROOKLYN,11213.0,40.668495,-73.925606,1,0,FAILURE TO YIELD RIGHT-OF-WAY,SEDAN
4407049,2021-04-13,14:10,QUEENS,11434.0,40.662476,-73.768326,0,0,UNSPECIFIED,SEDAN
4408369,2021-04-14,22:00,UNKNOWN,,,,3,0,UNSPECIFIED,STATION WAGON/SPORT UTILITY VEHICLE
4407592,2021-04-15,12:16,BRONX,10460.0,40.841087,-73.86447,0,0,TRAFFIC CONTROL DISREGARDED,STATION WAGON/SPORT UTILITY VEHICLE
4407674,2021-04-15,18:15,BROOKLYN,11211.0,40.70955,-73.95887,0,0,UNSPECIFIED,SEDAN
4407708,2021-04-15,19:30,UNKNOWN,,40.733376,-73.86665,1,0,PASSING OR LANE USAGE IMPROPER,SEDAN
4408396,2021-04-14,21:04,BROOKLYN,11206.0,40.700356,-73.95732,1,0,DRUGS (ILLEGAL),STATION WAGON/SPORT UTILITY VEHICLE
4407152,2021-04-14,1:40,UNKNOWN,,40.83801,-73.87329,0,0,OTHER VEHICULAR,SEDAN
4407862,2021-04-16,18:00,UNKNOWN,,40.66584,-73.75551,0,0,REACTION TO UNINVOLVED VEHICLE,SEDAN
4407435,2021-04-14,8:30,UNKNOWN,,,,0,0,FOLLOWING TOO CLOSELY,SEDAN
4407636,2021-04-15,12:05,UNKNOWN,,40.761436,-73.76995,1,0,DRIVER INATTENTION/DISTRACTION,STATION WAGON/SPORT UTILITY VEHICLE
4407792,2021-04-16,11:00,QUEENS,11368.0,40.74958,-73.86541,1,0,TURNING IMPROPERLY,STATION WAGON/SPORT UTILITY VEHICLE
4407853,2021-04-16,17:00,QUEENS,11366.0,40.73197,-73.78651,5,0,TRAFFIC CONTROL DISREGARDED,SEDAN
4408205,2021-04-16,12:00,UNKNOWN,,40.76249,-73.839584,0,0,UNSPECIFIED,BOX TRUCK
4407945,2021-04-16,20:27,UNKNOWN,,40.668507,-73.779625,0,0,UNSPECIFIED,SEDAN
4408118,2021-04-15,18:25,BROOKLYN,11203.0,40.638268,-73.93187,0,0,UNSPECIFIED,SEDAN
4408242,2021-04-12,16:08,BROOKLYN,11221.0,40.696735,-73.93481,1,0,UNSPECIFIED,STATION WAGON/SPORT UTILITY VEHICLE
4407563,2021-04-14,11:55,UNKNOWN,,40.870823,-73.8721,0,0,AGGRESSIVE DRIVING/ROAD RAGE,SEDAN
4408098,2021-04-14,1:30,UNKNOWN,,40.574867,-74.00069,0,0,DRIVER INATTENTION/DISTRACTION,SEDAN
4407169,2021-04-14,3:25,UNKNOWN,,40.866577,-73.8722,3,0,UNSAFE SPEED,STATION WAGON/SPORT UTILITY VEHICLE
4407798,2021-04-16,8:05,QUEENS,11102.0,40.775414,-73.91984,1,0,FOLLOWING TOO CLOSELY,STATION WAGON/SPORT UTILITY VEHICLE
4407797,2021-04-15,20:13,BRONX,10457.0,40.84744,-73.89968,1,0,DRIVER INATTENTION/DISTRACTION,
4407349,2021-04-14,16:30,STATEN ISLAND,10308.0,40.542908,-74.15579,2,0,FAILURE TO YIELD RIGHT-OF-WAY,STATION WAGON/SPORT UTILITY VEHICLE
4407994,2021-04-14,20:15,UNKNOWN,,40.78468,-73.80911,0,0,PASSING TOO CLOSELY,STATION WAGON/SPORT UTILITY VEHICLE
4408032,2021-04-15,16:37,BROOKLYN,11210.0,40.632416,-73.94724,1,0,DRIVER INATTENTION/DISTRACTION,SEDAN
4407478,2021-04-15,6:05,BROOKLYN,11237.0,40.714207,-73.92817,1,0,DRIVER INATTENTION/DISTRACTION,SEDAN
4407924,2021-04-16,8:40,QUEENS,11379.0,40.727913,-73.873245,1,0,FAILURE TO YIELD RIGHT-OF-WAY,SEDAN
4408315,2021-04-15,20:15,BRONX,10461.0,40.854485,-73.854645,0,0,TURNING IMPROPERLY,AMBULANCE
4407892,2021-04-13,23:00,BROOKLYN,11237.0,40.698986,-73.91671,0,0,DRIVER INATTENTION/DISTRACTION,SEDAN
4408280,2021-04-16,20:55,MANHATTAN,10032.0,40.841717,-73.94435,0,0,DRIVER INATTENTION/DISTRACTION,SEDAN
4408403,2021-04-15,17:25,BRONX,10475.0,40.861687,-73.82435,0,0,UNSPECIFIED,SEDAN
4407753,2021-04-16,6:45,BROOKLYN,11221.0,40.691822,-73.92223,0,0,REACTION TO UNINVOLVED VEHICLE,STATION WAGON/SPORT UTILITY VEHICLE
4408003,2021-04-10,12:00,BRONX,10453.0,40.856014,-73.91213,0,0,UNSPECIFIED,SEDAN
4407497,2021-04-14,15:53,UNKNOWN,,40.83383,-73.921234,0,0,REACTION TO UNINVOLVED VEHICLE,STATION WAGON/SPORT UTILITY VEHICLE
4408229,2021-04-09,17:00,UNKNOWN,,40.68781,-73.9237,0,0,BACKING UNSAFELY,STATION WAGON/SPORT UTILITY VEHICLE
4407525,2021-04-14,19:10,BROOKLYN,11218.0,40.642044,-73.98124,0,0,UNSPECIFIED,SEDAN
4407817,2021-04-16,13:55,QUEENS,11385.0,40.69814,-73.89111,0,0,UNSAFE SPEED,STATION WAGON/SPORT UTILITY VEHICLE
4407539,2021-04-14,0:00,BROOKLYN,11203.0,40.64664,-73.9246,2,0,DRIVER INATTENTION/DISTRACTION,STATION WAGON/SPORT UTILITY VEHICLE
4455944,2021-09-11,20:00,QUEENS,11429.0,40.703217,-73.73427,0,0,UNSPECIFIED,SEDAN
4408306,2021-04-16,16:00,UNKNOWN,,40.680897,-73.95118,0,0,DRIVER INATTENTION/DISTRACTION,SEDAN
4407830,2021-04-15,22:25,MANHATTAN,10036.0,40.760822,-73.99832,1,0,FAILURE TO YIELD RIGHT-OF-WAY,SEDAN
4407282,2021-04-14,10:09,MANHATTAN,10016.0,40.74608,-73.974945,0,0,UNSPECIFIED,TOW TRUCK / WRECKER
4407688,2021-04-16,0:01,BROOKLYN,11228.0,40.626293,-74.01572,0,0,DRIVER INEXPERIENCE,STATION WAGON/SPORT UTILITY VEHICLE
4407701,2021-04-15,20:45,MANHATTAN,10065.0,40.767967,-73.96822,0,0,DRIVER INATTENTION/DISTRACTION,SEDAN
4407728,2021-04-15,7:00,BROOKLYN,11207.0,40.673634,-73.89294,0,0,DRIVER INATTENTION/DISTRACTION,SEDAN
4408052,2021-04-15,10:45,BROOKLYN,11224.0,40.579212,-73.976265,0,0,FOLLOWING TOO CLOSELY,STATION WAGON/SPORT UTILITY VEHICLE
4407849,2021-04-16,12:00,STATEN ISLAND,10306.0,40.57365,-74.11252,0,0,FAILURE TO YIELD RIGHT-OF-WAY,SEDAN
4407320,2021-04-14,6:50,UNKNOWN,,40.73632,-73.85631,0,0,FOLLOWING TOO CLOSELY,STATION WAGON/SPORT UTILITY VEHICLE
4407291,2021-04-14,3:39,BROOKLYN,11230.0,40.619396,-73.969574,0,0,UNSPECIFIED,SEDAN
4408200,2021-04-16,22:00,UNKNOWN,,40.820263,-73.92976,0,0,UNSPECIFIED,SEDAN
4407649,2021-04-14,0:00,UNKNOWN,,40.601864,-74.00232,1,0,FAILURE TO YIELD RIGHT-OF-WAY,STATION WAGON/SPORT UTILITY VEHICLE
4407802,2021-04-15,19:10,UNKNOWN,,40.810318,-73.943634,0,0,DRIVER INATTENTION/DISTRACTION,SEDAN
4407345,2021-04-14,13:35,UNKNOWN,,40.666306,-73.79171,1,0,DRIVER INATTENTION/DISTRACTION,STATION WAGON/SPORT UTILITY VEHICLE
4408356,2021-04-16,15:05,BROOKLYN,11237.0,40.708805,-73.92577,0,0,FAILURE TO YIELD RIGHT-OF-WAY,SEDAN
4407245,2021-04-14,9:33,BRONX,10472.0,40.826424,-73.85868,0,0,FAILURE TO YIELD RIGHT-OF-WAY,STATION WAGON/SPORT UTILITY VEHICLE
4408057,2021-04-13,16:05,UNKNOWN,,40.63174,-73.96793,0,0,UNSPECIFIED,STATION WAGON/SPORT UTILITY VEHICLE
4407538,2021-04-15,9:27,UNKNOWN,,0.0,0.0,0,0,BACKING UNSAFELY,STATION WAGON/SPORT UTILITY VEHICLE
4408332,2021-04-16,11:45,BROOKLYN,11222.0,40.727146,-73.954735,0,0,PASSING TOO CLOSELY,SEDAN
4407785,2021-04-11,8:56,UNKNOWN,,40.67253,-73.798386,0,0,DRIVER INATTENTION/DISTRACTION,SEDAN
4407929,2021-04-16,13:02,QUEENS,11385.0,40.702335,-73.89073,0,0,DRIVER INATTENTION/DISTRACTION,SEDAN
4407425,2021-04-14,0:00,BROOKLYN,11235.0,40.587894,-73.95504,0,0,DRIVER INATTENTION/DISTRACTION,STATION WAGON/SPORT UTILITY VEHICLE
4408123,2021-04-16,5:30,BROOKLYN,11236.0,40.65047,-73.917366,0,0,DRIVER INATTENTION/DISTRACTION,STATION WAGON/SPORT UTILITY VEHICLE
4408290,2021-04-16,20:26,MANHATTAN,10032.0,40.836555,-73.94306,1,0,FAILURE TO YIELD RIGHT-OF-WAY,
4408412,2021-04-13,9:00,BRONX,10475.0,40.870056,-73.83222,0,0,UNSPECIFIED,SEDAN
4407757,2021-04-15,11:45,UNKNOWN,,40.579372,-74.16948,0,0,PASSING OR LANE USAGE IMPROPER,STATION WAGON/SPORT UTILITY VEHICLE
4407770,2021-04-01,0:10,MANHATTAN,10027.0,40.805138,-73.945244,0,0,REACTION TO UNINVOLVED VEHICLE,STATION WAGON/SPORT UTILITY VEHICLE
4407554,2021-04-15,11:41,BRONX,10468.0,40.85968,-73.90427,0,0,PASSING TOO CLOSELY,SEDAN
4407873,2021-04-15,2:00,UNKNOWN,,40.605595,-73.98404,0,0,DRIVER INATTENTION/DISTRACTION,SEDAN
4407502,2021-04-15,0:05,BRONX,10473.0,40.819214,-73.84662,0,0,STEERING FAILURE,STATION WAGON/SPORT UTILITY VEHICLE
4408044,2021-04-16,11:30,BRONX,10459.0,40.827972,-73.88707,0,0,UNSPECIFIED,SEDAN
4408165,2021-04-16,15:30,UNKNOWN,,40.66496,-73.82226,0,0,FELL ASLEEP,SEDAN
4407544,2021-04-14,15:00,UNKNOWN,,40.719177,-73.79223,0,0,DRIVER INATTENTION/DISTRACTION,SEDAN
4407277,2021-04-14,8:03,MANHATTAN,10017.0,40.748825,-73.96984,1,0,DRIVER INATTENTION/DISTRACTION,TAXI
4407834,2021-04-16,7:45,QUEENS,11377.0,40.733597,-73.91062,0,0,DRIVER INATTENTION/DISTRACTION,SEDAN
4407338,2021-04-14,6:45,STATEN ISLAND,10308.0,40.54048,-74.153404,0,0,VIEW OBSTRUCTED/LIMITED,STATION WAGON/SPORT UTILITY VEHICLE
4407397,2021-04-14,22:43,UNKNOWN,,40.738403,-73.93864,0,0,DRIVER INATTENTION/DISTRACTION,PICK-UP TRUCK
4408109,2021-04-15,16:55,UNKNOWN,,40.68039,-73.94956,1,0,DRIVER INATTENTION/DISTRACTION,SEDAN
4407683,2021-04-14,18:00,BRONX,10451.0,40.817627,-73.92366,0,0,BACKING UNSAFELY,STATION WAGON/SPORT UTILITY VEHICLE
4407829,2021-04-15,12:26,MANHATTAN,10001.0,40.751446,-74.001434,2,0,FAILURE TO YIELD RIGHT-OF-WAY,STATION WAGON/SPORT UTILITY VEHICLE
4456397,2021-09-11,22:15,BRONX,10468.0,40.86418,-73.90119,1,0,UNSPECIFIED,MOTORCYCLE
4407496,2021-04-15,8:10,MANHATTAN,10022.0,40.76161,-73.97076,0,0,DRIVER INEXPERIENCE,STATION WAGON/SPORT UTILITY VEHICLE
4407609,2021-04-15,16:00,BROOKLYN,11221.0,40.689648,-73.9184,0,0,UNSPECIFIED,SEDAN
4407441,2021-04-14,16:00,QUEENS,11373.0,40.741634,-73.88266,1,0,DRIVER INATTENTION/DISTRACTION,STATION WAGON/SPORT UTILITY VEHICLE
4407689,2021-04-15,18:30,BROOKLYN,11223.0,40.596977,-73.97324,0,0,UNSPECIFIED,SEDAN
4407861,2021-04-16,14:56,BROOKLYN,11220.0,40.63864,-74.02245,0,0,UNSPECIFIED,STATION WAGON/SPORT UTILITY VEHICLE
4407350,2021-04-14,17:30,STATEN ISLAND,10306.0,40.565254,-74.1301,0,0,UNSPECIFIED,SEDAN
4407721,2021-04-14,7:15,BROOKLYN,11207.0,40.655895,-73.898224,0,0,UNSPECIFIED,SEDAN
4407381,2021-04-14,20:10,BROOKLYN,11238.0,40.68821,-73.96583,0,0,PEDESTRIAN/BICYCLIST/OTHER PEDESTRIAN ERROR/CONFUSION,STATION WAGON/SPORT UTILITY VEHICLE
4407653,2021-04-15,9:28,MANHATTAN,10002.0,40.71649,-73.98484,0,0,UNSPECIFIED,STATION WAGON/SPORT UTILITY VEHICLE
4407299,2021-04-14,9:05,QUEENS,11432.0,,,1,0,DRIVER INATTENTION/DISTRACTION,STATION WAGON/SPORT UTILITY VEHICLE
4407590,2021-04-14,10:49,UNKNOWN,,,,1,0,DRIVER INATTENTION/DISTRACTION,STATION WAGON/SPORT UTILITY VEHICLE
4407896,2021-04-16,14:30,BRONX,10467.0,40.876785,-73.87446,0,0,PASSING TOO CLOSELY,SEDAN
4407914,2021-04-16,18:05,BRONX,10467.0,40.86367,-73.86741,0,0,ALCOHOL INVOLVEMENT,SEDAN
4407512,2021-04-14,0:00,BRONX,10460.0,40.835827,-73.89068,0,0,DRIVER INEXPERIENCE,SEDAN
4408427,2021-04-15,15:37,MANHATTAN,10029.0,40.793396,-73.94043,0,0,UNSPECIFIED,SEDAN
4407532,2021-04-14,17:20,BRONX,10472.0,40.84827,-73.88312,0,0,FAILURE TO YIELD RIGHT-OF-WAY,E-BIKE
4408086,2021-04-14,23:17,UNKNOWN,,40.656273,-73.90731,1,0,DRIVER INEXPERIENCE,SEDAN
4407856,2021-04-16,9:25,BROOKLYN,11205.0,40.693462,-73.965485,1,0,DRIVER INATTENTION/DISTRACTION,STATION WAGON/SPORT UTILITY VEHICLE
4407729,2021-04-15,16:00,BROOKLYN,11207.0,40.66725,-73.88799,1,0,UNSPECIFIED,VAN
4407789,2021-04-13,17:55,BRONX,10452.0,40.844105,-73.923065,1,0,PEDESTRIAN/BICYCLIST/OTHER PEDESTRIAN ERROR/CONFUSION,STATION WAGON/SPORT UTILITY VEHICLE
4408129,2021-04-16,21:00,BROOKLYN,11203.0,40.651707,-73.93121,0,0,BACKING UNSAFELY,SEDAN
4407576,2021-04-15,10:30,QUEENS,11420.0,40.680496,-73.821365,1,0,FAILURE TO YIELD RIGHT-OF-WAY,STATION WAGON/SPORT UTILITY VEHICLE
4408193,2021-04-15,23:36,BRONX,10452.0,40.834415,-73.92854,0,0,VIEW OBSTRUCTED/LIMITED,AMBULANCE
4407643,2021-04-15,0:00,QUEENS,11377.0,40.7357,-73.90377,0,0,DRIVER INATTENTION/DISTRACTION,SEDAN
4407906,2021-04-15,21:33,UNKNOWN,,40.771038,-73.83413,0,0,PASSING OR LANE USAGE IMPROPER,SEDAN
4407414,2021-04-14,19:45,BROOKLYN,11201.0,40.69484,-73.98391,1,0,DRIVER INATTENTION/DISTRACTION,SEDAN
4407623,2021-04-14,7:45,MANHATTAN,10024.0,40.785774,-73.97052,2,0,PASSING OR LANE USAGE IMPROPER,STATION WAGON/SPORT UTILITY VEHICLE
4407436,2021-04-14,12:30,QUEENS,11373.0,40.733017,-73.8852,0,0,DRIVER INATTENTION/DISTRACTION,SEDAN
4407952,2021-04-16,8:30,UNKNOWN,,40.709023,-73.757835,0,0,TRAFFIC CONTROL DISREGARDED,STATION WAGON/SPORT UTILITY VEHICLE
4407761,2021-04-14,11:15,UNKNOWN,,40.692886,-73.832184,2,0,FAILURE TO YIELD RIGHT-OF-WAY,FLAT BED
4408063,2021-04-15,15:18,BROOKLYN,11209.0,40.620487,-74.029305,0,1,DRIVER INATTENTION/DISTRACTION,STATION WAGON/SPORT UTILITY VEHICLE
4407388,2021-04-14,17:50,BROOKLYN,11204.0,40.618595,-73.99847,0,0,DRIVER INATTENTION/DISTRACTION,SEDAN
4407766,2021-04-14,10:29,MANHATTAN,10026.0,40.803787,-73.953896,1,0,UNSPECIFIED,STATION WAGON/SPORT UTILITY VEHICLE
4407901,2021-04-15,20:02,BRONX,10459.0,40.82319,-73.889496,0,0,PASSING OR LANE USAGE IMPROPER,STATION WAGON/SPORT UTILITY VEHICLE
4408104,2021-04-14,19:20,UNKNOWN,,40.680088,-73.94398,1,0,DRIVER INATTENTION/DISTRACTION,SEDAN
4407486,2021-04-14,19:00,BRONX,10456.0,40.827927,-73.90094,0,0,UNSPECIFIED,SEDAN
4456618,2021-07-08,19:55,UNKNOWN,,40.65342,-73.88898,0,0,OTHER VEHICULAR,SEDAN
4408264,2021-04-14,22:21,BROOKLYN,11213.0,40.66895,-73.9339,0,0,DRIVER INATTENTION/DISTRACTION,MOPED
4407678,2021-04-15,15:25,UNKNOWN,,40.879055,-73.87439,0,0,TURNING IMPROPERLY,SEDAN
4407355,2021-04-14,11:30,UNKNOWN,,40.67043,-73.928185,1,0,UNSAFE SPEED,MOPED
4408155,2021-04-16,23:14,BRONX,10469.0,40.875874,-73.84989,3,0,UNSPECIFIED,SEDAN
4408271,2021-04-13,9:30,UNKNOWN,,40.675037,-73.930534,0,0,FOLLOWING TOO CLOSELY,STATION WAGON/SPORT UTILITY VEHICLE
4408380,2021-04-16,13:59,UNKNOWN,,40.767582,-73.9109,1,0,FAILURE TO YIELD RIGHT-OF-WAY,STATION WAGON/SPORT UTILITY VEHICLE
4407598,2021-04-14,6:35,MANHATTAN,10014.0,40.734352,-74.00849,0,0,BACKING UNSAFELY,STATION WAGON/SPORT UTILITY VEHICLE
4407693,2021-04-15,22:36,UNKNOWN,,,,4,1,ALCOHOL INVOLVEMENT,SEDAN
4407866,2021-04-16,14:50,BROOKLYN,11236.0,40.63083,-73.90736,2,0,DRIVER INEXPERIENCE,STATION WAGON/SPORT UTILITY VEHICLE
4407452,2021-04-14,18:35,BROOKLYN,11210.0,40.63532,-73.95033,0,0,DRIVER INATTENTION/DISTRACTION,SEDAN
4407809,2021-04-13,10:30,BROOKLYN,11211.0,40.714073,-73.95087,0,0,DRIVER INATTENTION/DISTRACTION,TRACTOR TRUCK DIESEL
4407393,2021-04-14,6:55,BROOKLYN,11206.0,40.702194,-73.93587,0,0,PASSING OR LANE USAGE IMPROPER,SEDAN
4407453,2021-04-14,16:58,MANHATTAN,10065.0,40.764362,-73.96162,1,0,DRIVER INATTENTION/DISTRACTION,SEDAN
4408214,2021-04-12,18:30,UNKNOWN,,40.69496,-73.946236,0,0,PASSING OR LANE USAGE IMPROPER,SEDAN
4407824,2021-04-16,12:10,UNKNOWN,,40.79656,-73.97226,0,0,UNSPECIFIED,BOX TRUCK
4407431,2021-04-14,9:00,BRONX,10454.0,40.805016,-73.92109,0,0,UNSPECIFIED,SEDAN
4407632,2021-04-14,17:00,QUEENS,11422.0,40.66406,-73.73846,2,0,UNSPECIFIED,SEDAN
4407841,2021-04-13,13:14,MANHATTAN,10029.0,40.7963,-73.93829,0,0,TURNING IMPROPERLY,SEDAN
4407096,2021-04-14,2:25,QUEENS,11422.0,40.66563,-73.73921,1,0,TRAFFIC CONTROL DISREGARDED,SEDAN
4407658,2021-04-15,16:00,QUEENS,11436.0,40.680477,-73.7921,0,0,DRIVER INATTENTION/DISTRACTION,SEDAN
4407933,2021-04-16,11:35,UNKNOWN,,40.737785,-73.93496,1,0,FOLLOWING TOO CLOSELY,STATION WAGON/SPORT UTILITY VEHICLE
4407976,2021-04-16,12:26,MANHATTAN,10023.0,40.778606,-73.98163,1,0,BACKING UNSAFELY,STATION WAGON/SPORT UTILITY VEHICLE
4407714,2021-04-16,0:30,QUEENS,11369.0,40.75868,-73.87552,1,0,UNSAFE SPEED,SEDAN
4407373,2021-04-14,17:55,UNKNOWN,,40.856045,-73.90079,0,0,FOLLOWING TOO CLOSELY,SEDAN
4407568,2021-04-14,23:36,BRONX,10466.0,40.880257,-73.843864,0,0,PASSING TOO CLOSELY,SEDAN
4407707,2021-04-15,20:00,QUEENS,11691.0,40.60677,-73.759575,0,0,PASSING OR LANE USAGE IMPROPER,AMBULANCE
4407692,2021-04-16,6:00,UNKNOWN,,40.695683,-73.741875,0,0,UNSPECIFIED,
4407615,2021-04-15,15:10,QUEENS,11101.0,,,1,0,PASSING OR LANE USAGE IMPROPER,BIKE
4407865,2021-04-16,20:00,UNKNOWN,,40.667236,-73.770004,0,0,PASSING OR LANE USAGE IMPROPER,STATION WAGON/SPORT UTILITY VEHICLE
4407154,2021-04-14,6:13,BRONX,10460.0,40.8351,-73.8825,0,0,UNSPECIFIED,SEDAN
4407637,2021-04-15,14:41,BROOKLYN,11236.0,40.633682,-73.89868,1,0,UNSPECIFIED,SEDAN
4407354,2021-04-14,11:54,BROOKLYN,11201.0,40.698116,-73.977325,1,0,FAILURE TO YIELD RIGHT-OF-WAY,STATION WAGON/SPORT UTILITY VEHICLE
4407793,2021-04-16,11:50,UNKNOWN,,40.84747,-73.89134,0,0,REACTION TO UNINVOLVED VEHICLE,STATION WAGON/SPORT UTILITY VEHICLE
4407432,2021-04-14,14:00,UNKNOWN,,40.8047,-73.91243,0,0,UNSPECIFIED,STATION WAGON/SPORT UTILITY VEHICLE
4407946,2021-04-16,23:55,UNKNOWN,,40.762676,-73.954346,0,0,UNSAFE LANE CHANGING,SEDAN
4407852,2021-04-16,14:30,QUEENS,11367.0,40.7158,-73.824486,0,0,DRIVER INATTENTION/DISTRACTION,SEDAN
4408249,2021-04-15,23:00,MANHATTAN,10018.0,40.75584,-73.99238,0,0,UNSPECIFIED,SEDAN
4456019,2021-09-11,11:30,BRONX,10475.0,40.875942,-73.83304,0,0,UNSPECIFIED,SEDAN
4407987,2021-04-15,18:00,UNKNOWN,,40.772102,-73.763954,0,0,FOLLOWING TOO CLOSELY,SEDAN
4408215,2021-04-14,20:19,BROOKLYN,11238.0,40.681602,-73.95855,0,0,DRIVER INEXPERIENCE,SEDAN
4408027,2021-04-15,14:36,BROOKLYN,11210.0,40.62677,-73.946884,1,0,DRIVER INATTENTION/DISTRACTION,SEDAN
4407389,2021-04-14,11:16,UNKNOWN,,40.707493,-73.94153,1,0,OTHER VEHICULAR,STATION WAGON/SPORT UTILITY VEHICLE
4407562,2021-04-15,10:00,UNKNOWN,,40.8252,-73.867714,0,0,PASSING OR LANE USAGE IMPROPER,SEDAN
4407794,2021-04-12,21:30,BRONX,10457.0,40.854115,-73.89091,0,0,DRIVER INATTENTION/DISTRACTION,SEDAN
4407596,2021-04-15,14:06,QUEENS,11433.0,,,2,0,DRIVER INATTENTION/DISTRACTION,STATION WAGON/SPORT UTILITY VEHICLE
4407779,2021-04-16,7:00,UNKNOWN,,40.768875,-73.94898,1,0,FOLLOWING TOO CLOSELY,SEDAN
4407997,2021-04-16,15:21,BROOKLYN,11236.0,40.629707,-73.90486,0,0,UNSPECIFIED,TAXI
4407408,2021-04-15,0:40,QUEENS,11426.0,40.72654,-73.71589,1,0,DRIVER INATTENTION/DISTRACTION,SEDAN
4408313,2021-04-15,18:00,STATEN ISLAND,10301.0,40.634415,-74.08535,0,0,UNSPECIFIED,SEDAN
4456486,2021-09-11,16:30,UNKNOWN,,40.889362,-73.83446,0,0,FAILURE TO YIELD RIGHT-OF-WAY,SEDAN
4407747,2021-04-15,8:40,UNKNOWN,,40.66937,-73.89523,0,0,PASSING OR LANE USAGE IMPROPER,STATION WAGON/SPORT UTILITY VEHICLE
4408402,2021-04-16,17:25,BRONX,10466.0,40.89466,-73.86137,0,0,DRIVER INATTENTION/DISTRACTION,STATION WAGON/SPORT UTILITY VEHICLE
4407702,2021-04-16,6:40,BROOKLYN,11215.0,40.669067,-73.9878,0,0,UNSPECIFIED,SEDAN
4407652,2021-04-15,14:00,UNKNOWN,,,,1,0,FOLLOWING TOO CLOSELY,STATION WAGON/SPORT UTILITY VEHICLE
4407762,2021-04-15,11:00,QUEENS,11416.0,40.681484,-73.85049,1,0,FAILURE TO YIELD RIGHT-OF-WAY,SEDAN
4407297,2021-04-14,9:31,BRONX,10473.0,40.82433,-73.874374,0,0,PASSING TOO CLOSELY,STATION WAGON/SPORT UTILITY VEHICLE
4407321,2021-04-14,12:40,UNKNOWN,,40.856606,-73.92841,0,0,DRIVER INATTENTION/DISTRACTION,STATION WAGON/SPORT UTILITY VEHICLE
4408100,2021-04-08,21:52,BROOKLYN,11212.0,40.65785,-73.91648,0,0,UNSPECIFIED,SEDAN
4407505,2021-04-14,8:58,UNKNOWN,,40.62764,-73.89022,0,0,PASSING OR LANE USAGE IMPROPER,STATION WAGON/SPORT UTILITY VEHICLE
4408047,2021-04-09,1:15,UNKNOWN,,40.58401,-73.98587,0,0,FOLLOWING TOO CLOSELY,SEDAN
4407805,2021-04-14,17:30,BROOKLYN,11211.0,40.71791,-73.95341,1,0,TURNING IMPROPERLY,STATION WAGON/SPORT UTILITY VEHICLE
4407697,2021-04-15,0:00,UNKNOWN,,40.780437,-73.94989,0,0,DRIVER INATTENTION/DISTRACTION,SEDAN
4407367,2021-04-14,8:30,QUEENS,11004.0,40.73973,-73.70625,0,0,UNSPECIFIED,SEDAN
4407837,2021-04-05,16:21,MANHATTAN,10029.0,40.7952,-73.94623,3,0,PASSING TOO CLOSELY,STATION WAGON/SPORT UTILITY VEHICLE
4407548,2021-04-14,10:40,BROOKLYN,11201.0,40.694794,-73.98246,1,0,FAILURE TO YIELD RIGHT-OF-WAY,TAXI
4407820,2021-04-16,8:30,BROOKLYN,11228.0,40.614063,-74.01393,0,0,UNSPECIFIED,TRAILER
4456635,2021-07-08,16:45,BROOKLYN,11211.0,40.715702,-73.95579,1,0,VIEW OBSTRUCTED/LIMITED,SEDAN
4408150,2021-04-16,18:50,BROOKLYN,11218.0,40.633152,-73.97762,0,0,UNSPECIFIED,SEDAN
4407842,2021-04-16,15:23,BROOKLYN,11228.0,40.612736,-74.01172,1,0,FOLLOWING TOO CLOSELY,SEDAN
4407673,2021-04-15,17:55,BROOKLYN,11249.0,40.70166,-73.961464,2,0,PAVEMENT SLIPPERY,STATION WAGON/SPORT UTILITY VEHICLE
4407278,2021-04-14,0:42,MANHATTAN,10035.0,40.80641,-73.94227,0,0,UNSPECIFIED,TAXI
4407459,2021-04-14,12:30,MANHATTAN,10019.0,40.762234,-73.98987,1,0,DRIVER INATTENTION/DISTRACTION,VAN
4407514,2021-04-15,8:30,BRONX,10458.0,40.863647,-73.8918,0,0,UNSPECIFIED,BUS
4408367,2021-04-15,18:36,BROOKLYN,11224.0,40.576626,-73.98478,2,0,DRIVER INATTENTION/DISTRACTION,SEDAN
4407313,2021-04-14,13:45,BROOKLYN,11214.0,40.60118,-73.99098,0,0,DRIVER INATTENTION/DISTRACTION,SEDAN
4407396,2021-04-14,19:46,BROOKLYN,11220.0,40.64721,-74.01531,0,0,UNSPECIFIED,STATION WAGON/SPORT UTILITY VEHICLE
4407883,2021-04-13,17:11,UNKNOWN,,,,0,0,FOLLOWING TOO CLOSELY,SEDAN
4407611,2021-04-15,16:18,UNKNOWN,,40.681145,-73.7923,0,0,UNSAFE SPEED,SEDAN
4408053,2021-04-15,12:40,BROOKLYN,11224.0,40.57529,-73.97655,0,0,BACKING UNSAFELY,STATION WAGON/SPORT UTILITY VEHICLE
4407905,2021-04-16,17:45,UNKNOWN,,40.786,-73.84574,0,0,FAILURE TO YIELD RIGHT-OF-WAY,SEDAN
4407642,2021-04-15,20:00,BROOKLYN,11214.0,40.601128,-73.997086,1,0,PEDESTRIAN/BICYCLIST/OTHER PEDESTRIAN ERROR/CONFUSION,TAXI
4407556,2021-04-15,11:45,UNKNOWN,,40.827923,-73.93483,0,0,UNSAFE LANE CHANGING,SEDAN
4407774,2021-04-05,16:27,MANHATTAN,10026.0,40.805824,-73.954636,0,0,UNSPECIFIED,STATION WAGON/SPORT UTILITY VEHICLE
4407360,2021-04-14,13:30,UNKNOWN,,40.642776,-74.02003,0,0,PASSING OR LANE USAGE IMPROPER,SEDAN
4408139,2021-04-14,18:56,UNKNOWN,,40.86674,-73.92873,1,0,PAVEMENT DEFECTIVE,MOTORCYCLE
4407848,2021-04-16,9:10,UNKNOWN,,,,0,0,UNSPECIFIED,STATION WAGON/SPORT UTILITY VEHICLE
4407401,2021-04-15,1:30,UNKNOWN,,,,0,0,UNSPECIFIED,STATION WAGON/SPORT UTILITY VEHICLE
4485464,2021-12-10,12:15,UNKNOWN,,40.571625,-74.11192,0,0,BACKING UNSAFELY,SEDAN
4408223,2021-04-12,6:00,UNKNOWN,,40.678375,-73.9265,0,0,OTHER LIGHTING DEFECTS,GARBAGE OR REFUSE
4408075,2021-04-14,19:50,UNKNOWN,,40.74209,-73.984985,1,0,UNSPECIFIED,STATION WAGON/SPORT UTILITY VEHICLE
4407967,2021-04-16,11:30,BRONX,10455.0,40.81228,-73.90941,0,0,UNSPECIFIED,SEDAN
4407875,2021-04-16,23:45,UNKNOWN,,40.604195,-73.97218,0,0,REACTION TO UNINVOLVED VEHICLE,PICK-UP TRUCK
4407915,2021-04-11,18:45,BRONX,10460.0,40.84383,-73.886375,0,0,DRIVER INATTENTION/DISTRACTION,STATION WAGON/SPORT UTILITY VEHICLE
4408258,2021-04-16,8:30,UNKNOWN,,40.759163,-73.988396,1,0,FAILURE TO YIELD RIGHT-OF-WAY,SEDAN
4408033,2021-04-15,19:39,BROOKLYN,11226.0,40.652927,-73.959335,1,0,UNSPECIFIED,
4408308,2021-04-14,21:00,BROOKLYN,11216.0,40.69097,-73.94833,2,0,FOLLOWING TOO CLOSELY,SEDAN
4407869,2021-04-16,19:00,UNKNOWN,,40.718864,-73.97483,0,0,UNSPECIFIED,STATION WAGON/SPORT UTILITY VEHICLE
4407732,2021-04-15,23:30,BROOKLYN,11208.0,40.683174,-73.87389,0,0,DRIVER INATTENTION/DISTRACTION,VAN
4407684,2021-04-15,17:11,UNKNOWN,,,,1,0,DRIVER INATTENTION/DISTRACTION,SEDAN
4407602,2021-04-15,2:00,QUEENS,11372.0,40.749744,-73.884315,0,0,PASSING OR LANE USAGE IMPROPER,BOX TRUCK
4407959,2021-04-16,19:54,MANHATTAN,10010.0,40.738316,-73.98773,0,0,UNSPECIFIED,TAXI
4408397,2021-04-08,9:21,BRONX,10461.0,40.839382,-73.84531,0,0,UNSPECIFIED,SEDAN
4408067,2021-04-16,9:50,BROOKLYN,11212.0,40.66806,-73.90394,0,0,UNSPECIFIED,SEDAN
4408279,2021-04-16,12:10,UNKNOWN,,40.74715,-73.985504,0,0,DRIVER INATTENTION/DISTRACTION,STATION WAGON/SPORT UTILITY VEHICLE
4407723,2021-04-14,8:40,UNKNOWN,,40.663776,-73.889915,0,0,DRIVER INATTENTION/DISTRACTION,STATION WAGON/SPORT UTILITY VEHICLE
4408198,2021-04-16,23:25,UNKNOWN,,40.843903,-73.927284,0,0,UNSAFE LANE CHANGING,SEDAN
4407501,2021-04-14,20:25,UNKNOWN,,40.836296,-73.87369,2,0,UNSPECIFIED,SEDAN
4408119,2021-04-15,21:04,BROOKLYN,11203.0,40.655285,-73.93658,2,0,FAILURE TO YIELD RIGHT-OF-WAY,TAXI
4408359,2021-04-09,12:00,BROOKLYN,11249.0,40.70166,-73.961464,0,0,DRIVER INATTENTION/DISTRACTION,SEDAN
4407816,2021-04-16,10:05,BROOKLYN,11220.0,40.64606,-74.01648,1,0,BRAKES DEFECTIVE,PICK-UP TRUCK
4407168,2021-04-14,7:00,UNKNOWN,,,,0,0,FELL ASLEEP,STATION WAGON/SPORT UTILITY VEHICLE
4407543,2021-04-15,8:23,QUEENS,11423.0,40.72119,-73.761185,1,0,DRIVER INATTENTION/DISTRACTION,SEDAN
4407801,2021-04-15,12:00,QUEENS,11385.0,40.708363,-73.87203,0,0,DRIVER INATTENTION/DISTRACTION,STATION WAGON/SPORT UTILITY VEHICLE
4407346,2021-04-14,14:10,UNKNOWN,,40.674004,-73.81881,0,0,TRAFFIC CONTROL DISREGARDED,SCHOOL BUS
4407769,2021-04-14,23:10,UNKNOWN,,40.729176,-73.87898,2,0,UNSPECIFIED,SEDAN
4455856,2021-09-11,10:59,QUEENS,11368.0,40.745766,-73.86421,0,0,OBSTRUCTION/DEBRIS,STATION WAGON/SPORT UTILITY VEHICLE
4408093,2021-04-15,12:30,BRONX,10475.0,40.86832,-73.83317,0,0,OVERSIZED VEHICLE,SEDAN
4407475,2021-04-14,18:45,QUEENS,11691.0,40.598515,-73.766464,0,0,ANIMALS ACTION,MOTORCYCLE
4408113,2021-03-20,15:58,BROOKLYN,11205.0,40.695004,-73.9525,0,0,PASSING TOO CLOSELY,STATION WAGON/SPORT UTILITY VEHICLE
4407833,2021-04-14,11:50,UNKNOWN,,40.72773,-73.90674,0,0,UNSPECIFIED,SEDAN
4407923,2021-04-16,8:41,QUEENS,11385.0,40.704563,-73.91066,1,0,DRIVER INATTENTION/DISTRACTION,STATION WAGON/SPORT UTILITY VEHICLE
4407424,2021-04-14,13:30,UNKNOWN,,40.66807,-73.80789,0,0,FAILURE TO YIELD RIGHT-OF-WAY,STATION WAGON/SPORT UTILITY VEHICLE
4407741,2021-04-14,0:00,BROOKLYN,11207.0,40.66944,-73.883995,1,0,TRAFFIC CONTROL DISREGARDED,STATION WAGON/SPORT UTILITY VEHICLE
4407891,2021-04-09,10:15,UNKNOWN,,40.684082,-73.90864,0,0,PASSING TOO CLOSELY,STATION WAGON/SPORT UTILITY VEHICLE
4407647,2021-04-14,15:05,BROOKLYN,11201.0,40.69349,-73.97917,1,0,UNSPECIFIED,STATION WAGON/SPORT UTILITY VEHICLE
4407909,2021-04-16,0:00,QUEENS,11354.0,40.765266,-73.81517,0,0,PASSING TOO CLOSELY,STATION WAGON/SPORT UTILITY VEHICLE
4407439,2021-04-14,18:00,UNKNOWN,,40.74613,-73.83605,0,0,DRIVER INATTENTION/DISTRACTION,STATION WAGON/SPORT UTILITY VEHICLE
4407604,2021-04-15,12:17,MANHATTAN,10016.0,40.74708,-73.98135,1,0,DRIVER INATTENTION/DISTRACTION,SEDAN
4407752,2021-04-15,10:37,BRONX,10467.0,40.87482,-73.877,1,0,DRIVER INATTENTION/DISTRACTION,SEDAN
4407380,2021-04-14,19:15,QUEENS,11385.0,40.70399,-73.85589,0,0,FAILURE TO YIELD RIGHT-OF-WAY,STATION WAGON/SPORT UTILITY VEHICLE
4408037,2021-04-16,21:30,BROOKLYN,11226.0,40.649788,-73.9622,0,0,UNSPECIFIED,SEDAN
4408416,2021-04-11,11:50,QUEENS,11435.0,40.69507,-73.80114,0,0,PASSING OR LANE USAGE IMPROPER,STATION WAGON/SPORT UTILITY VEHICLE
4407549,2021-04-15,9:57,MANHATTAN,10024.0,40.788673,-73.97136,0,0,PASSING TOO CLOSELY,SEDAN
4408002,2021-04-15,13:07,UNKNOWN,,40.847897,-73.92499,0,0,UNSPECIFIED,SEDAN
4408227,2021-04-14,11:30,BROOKLYN,11221.0,40.68896,-73.93326,1,0,DRIVER INATTENTION/DISTRACTION,TAXI
4408262,2021-04-13,7:25,UNKNOWN,,40.695377,-73.94921,0,0,PASSING OR LANE USAGE IMPROPER,STATION WAGON/SPORT UTILITY VEHICLE
4407897,2021-04-16,18:03,BRONX,10467.0,40.880657,-73.877625,0,0,PASSING OR LANE USAGE IMPROPER,STATION WAGON/SPORT UTILITY VEHICLE
4408187,2021-04-16,21:00,UNKNOWN,,40.828114,-73.93107,0,0,UNSAFE LANE CHANGING,SEDAN
4407975,2021-04-16,10:40,UNKNOWN,,40.781265,-73.97599,1,0,DRIVER INATTENTION/DISTRACTION,SEDAN
4408164,2021-04-16,20:07,MANHATTAN,10033.0,40.848736,-73.93234,0,0,FAILURE TO YIELD RIGHT-OF-WAY,SEDAN
4407910,2021-04-16,12:42,UNKNOWN,,,,2,0,FOLLOWING TOO CLOSELY,STATION WAGON/SPORT UTILITY VEHICLE
4408085,2021-04-15,22:22,BROOKLYN,11212.0,40.65989,-73.90536,0,0,UNSPECIFIED,SEDAN
4408250,2021-04-16,18:40,UNKNOWN,,40.748436,-73.984566,1,0,UNSAFE LANE CHANGING,SEDAN
4408028,2021-04-15,12:38,BROOKLYN,11229.0,40.61033,-73.95932,1,0,UNSAFE LANE CHANGING,SEDAN
4407580,2021-04-14,12:20,QUEENS,11101.0,40.752556,-73.92972,0,0,UNSPECIFIED,SEDAN
4408302,2021-04-14,20:50,UNKNOWN,,40.829697,-73.91313,1,0,FAILURE TO YIELD RIGHT-OF-WAY,SEDAN
4407400,2021-04-14,2:30,MANHATTAN,10002.0,40.718826,-73.98424,0,0,TURNING IMPROPERLY,SEDAN
4408128,2021-04-16,12:38,BROOKLYN,11203.0,40.65241,-73.9264,0,0,UNSPECIFIED,STATION WAGON/SPORT UTILITY VEHICLE
4407806,2021-04-15,13:31,UNKNOWN,,,,0,0,PASSING OR LANE USAGE IMPROPER,PICK-UP TRUCK
4408194,2021-04-15,15:20,UNKNOWN,,40.852673,-73.919106,1,0,FOLLOWING TOO CLOSELY,STATION WAGON/SPORT UTILITY VEHICLE
4408289,2021-04-16,15:00,UNKNOWN,,40.851555,-73.952446,0,0,PASSING TOO CLOSELY,BOX TRUCK
4407953,2021-04-16,12:50,UNKNOWN,,40.707928,-73.784294,0,0,TRAFFIC CONTROL DISREGARDED,STATION WAGON/SPORT UTILITY VEHICLE
4408391,2021-04-06,8:50,BRONX,10466.0,40.891876,-73.8616,0,0,OUTSIDE CAR DISTRACTION,SEDAN
4408204,2021-04-15,0:00,QUEENS,11692.0,40.58947,-73.80105,0,0,UNSPECIFIED,SEDAN
4407870,2021-04-01,4:46,MANHATTAN,10016.0,40.74668,-73.9745,0,0,TURNING IMPROPERLY,SEDAN
4407524,2021-04-14,22:17,BRONX,10458.0,40.85814,-73.895744,0,0,UNSPECIFIED,SEDAN
4408353,2021-04-16,14:35,BROOKLYN,11206.0,40.708626,-73.94513,0,0,DRIVER INATTENTION/DISTRACTION,LIFT BOOM
4407243,2021-04-14,2:09,UNKNOWN,,,,1,0,ALCOHOL INVOLVEMENT,SEDAN
4407445,2021-04-14,15:25,QUEENS,11373.0,40.73464,-73.87421,1,0,REACTION TO UNINVOLVED VEHICLE,SEDAN
4408056,2021-04-16,10:00,BROOKLYN,11210.0,40.62855,-73.952835,0,0,UNSPECIFIED,SEDAN
4407327,2021-04-14,13:40,BROOKLYN,11203.0,40.65563,-73.92596,2,0,UNSPECIFIED,SEDAN
4407784,2021-04-16,10:10,QUEENS,11434.0,40.687046,-73.792114,0,0,DRIVER INATTENTION/DISTRACTION,SEDAN
4407928,2021-04-14,11:46,QUEENS,11385.0,40.70326,-73.86474,1,0,DRIVER INATTENTION/DISTRACTION,BIKE
4408107,2021-04-06,16:00,UNKNOWN,,0.0,0.0,1,0,DRIVER INATTENTION/DISTRACTION,BUS
4456830,2021-09-10,0:00,UNKNOWN,,,,1,0,UNSPECIFIED,SEDAN
4407454,2021-04-14,13:00,BROOKLYN,11210.0,40.633114,-73.94928,0,0,DRIVER INATTENTION/DISTRACTION,STATION WAGON/SPORT UTILITY VEHICLE
4407372,2021-04-14,13:30,STATEN ISLAND,10304.0,40.62046,-74.07641,0,0,UNSPECIFIED,STATION WAGON/SPORT UTILITY VEHICLE
4407444,2021-04-14,21:24,MANHATTAN,10065.0,40.75964,-73.95817,0,0,REACTION TO UNINVOLVED VEHICLE,STATION WAGON/SPORT UTILITY VEHICLE
4407756,2021-04-13,20:15,UNKNOWN,,40.64254,-73.87652,2,0,FOLLOWING TOO CLOSELY,STATION WAGON/SPORT UTILITY VEHICLE
4407620,2021-04-15,10:30,UNKNOWN,,40.783146,-73.97833,1,0,PASSING TOO CLOSELY,SEDAN
4407412,2021-04-14,23:30,QUEENS,11433.0,40.705452,-73.78149,6,0,REACTION TO UNINVOLVED VEHICLE,TAXI
4407633,2021-04-15,19:00,UNKNOWN,,40.74425,-73.7334,0,0,UNSPECIFIED,STATION WAGON/SPORT UTILITY VEHICLE
4407119,2021-04-14,4:35,MANHATTAN,10017.0,40.75348,-73.980896,0,0,UNSAFE LANE CHANGING,STATION WAGON/SPORT UTILITY VEHICLE
4407660,2021-04-14,23:46,BRONX,10461.0,40.84307,-73.848076,2,0,UNSPECIFIED,STATION WAGON/SPORT UTILITY VEHICLE
4408154,2021-04-15,12:30,BROOKLYN,11204.0,40.620914,-73.9753,1,0,ILLNES,SEDAN
4407773,2021-04-04,21:43,MANHATTAN,10027.0,40.80889,-73.95581,0,0,UNSAFE SPEED,SEDAN
4407567,2021-04-15,13:18,MANHATTAN,10024.0,40.78847,-73.968895,0,0,DRIVER INATTENTION/DISTRACTION,SEDAN
4407938,2021-04-14,13:36,QUEENS,11385.0,40.712776,-73.90601,1,0,FOLLOWING TOO CLOSELY,PICK-UP TRUCK
4407713,2021-04-16,0:30,QUEENS,11369.0,40.75868,-73.87552,0,0,UNSAFE SPEED,SEDAN
4408017,2021-04-11,13:40,UNKNOWN,,,,0,0,UNSPECIFIED,STATION WAGON/SPORT UTILITY VEHICLE
4408208,2021-04-16,17:50,QUEENS,11368.0,40.74661,-73.86473,0,0,ALCOHOL INVOLVEMENT,STATION WAGON/SPORT UTILITY VEHICLE
4408043,2021-04-16,16:01,BRONX,10460.0,40.835705,-73.88875,0,0,UNSAFE SPEED,SEDAN
4408233,2021-03-28,18:30,BROOKLYN,11221.0,40.688404,-73.93803,1,0,UNSPECIFIED,STATION WAGON/SPORT UTILITY VEHICLE
4407990,2021-04-12,20:00,QUEENS,11357.0,40.781715,-73.823845,1,0,FAILURE TO YIELD RIGHT-OF-WAY,SEDAN
4408079,2021-04-02,21:15,UNKNOWN,,40.730644,-73.97329,0,0,UNSAFE SPEED,SEDAN
4408217,2021-04-16,15:05,UNKNOWN,,40.75218,-73.85201,0,0,FOLLOWING TOO CLOSELY,SEDAN
4408331,2021-04-16,15:45,BROOKLYN,11222.0,40.731422,-73.94641,1,0,FAILURE TO YIELD RIGHT-OF-WAY,SEDAN
4407698,2021-04-15,8:20,MANHATTAN,10022.0,40.761234,-73.96389,0,0,DRIVER INATTENTION/DISTRACTION,STATION WAGON/SPORT UTILITY VEHICLE
4407825,2021-04-10,19:09,BROOKLYN,11212.0,40.668976,-73.90668,0,0,UNSPECIFIED,SEDAN
4408411,2021-04-12,6:55,UNKNOWN,,,,1,0,FOLLOWING TOO CLOSELY,STATION WAGON/SPORT UTILITY VEHICLE
4408122,2021-04-15,18:20,BROOKLYN,11203.0,40.637276,-73.93177,0,0,UNSPECIFIED,STATION WAGON/SPORT UTILITY VEHICLE
4407838,2021-04-11,1:36,UNKNOWN,,40.788685,-73.94386,0,0,DRIVER INATTENTION/DISTRACTION,SEDAN
4456364,2021-09-11,4:27,UNKNOWN,,,,0,0,PASSING TOO CLOSELY,STATION WAGON/SPORT UTILITY VEHICLE
4407948,2021-04-16,22:42,UNKNOWN,,40.87356,-73.81853,0,0,PASSING OR LANE USAGE IMPROPER,SEDAN
4407843,2021-04-14,23:32,MANHATTAN,10029.0,40.795006,-73.9485,1,0,DRIVER INATTENTION/DISTRACTION,SEDAN
4407515,2021-04-15,8:30,UNKNOWN,,40.820095,-73.955086,1,0,UNSPECIFIED,TAXI
4407312,2021-04-14,11:26,UNKNOWN,,40.594334,-73.990944,1,0,DRIVER INATTENTION/DISTRACTION,SEDAN
4407314,2021-04-14,11:00,UNKNOWN,,40.666306,-73.79171,0,0,UNSAFE SPEED,SEDAN
4407489,2021-04-14,12:37,BROOKLYN,11215.0,40.673008,-73.97851,0,0,PASSING OR LANE USAGE IMPROPER,STATION WAGON/SPORT UTILITY VEHICLE
4407656,2021-04-14,0:25,UNKNOWN,,40.583626,-73.98407,0,0,UNSAFE SPEED,STATION WAGON/SPORT UTILITY VEHICLE
4407332,2021-04-14,12:45,BRONX,10468.0,40.874474,-73.90031,0,0,UNSPECIFIED,SEDAN
4407506,2021-04-14,14:25,BROOKLYN,11204.0,40.633995,-73.98138,1,0,UNSPECIFIED,TAXI
4408401,2021-04-14,23:20,UNKNOWN,,40.772327,-73.94531,1,0,UNSPECIFIED,SEDAN
4407677,2021-04-15,18:45,BROOKLYN,11206.0,40.704937,-73.94932,0,0,OTHER VEHICULAR,SEDAN
4407359,2021-04-14,15:34,BROOKLYN,11232.0,40.653873,-74.008156,1,0,REACTION TO UNINVOLVED VEHICLE,SEDAN
4408060,2021-04-16,23:30,UNKNOWN,,,,0,0,UNSPECIFIED,SEDAN
4407533,2021-04-15,3:46,UNKNOWN,,,,0,0,DRIVER INATTENTION/DISTRACTION,SEDAN
4408266,2021-04-08,0:00,UNKNOWN,,40.677917,-73.93861,1,0,FOLLOWING TOO CLOSELY,STATION WAGON/SPORT UTILITY VEHICLE
4407696,2021-04-14,13:20,BROOKLYN,11223.0,40.59857,-73.9689,0,0,UNSPECIFIED,SEDAN
4407261,2021-04-14,6:15,UNKNOWN,,40.809563,-73.92923,0,0,UNSPECIFIED,TRACTOR TRUCK DIESEL
4407857,2021-04-16,15:12,BROOKLYN,11238.0,40.68836,-73.96444,1,0,UNSPECIFIED,SEDAN
4407490,2021-04-14,19:30,BROOKLYN,11212.0,40.666737,-73.90224,0,0,FAILURE TO YIELD RIGHT-OF-WAY,STATION WAGON/SPORT UTILITY VEHICLE
4407788,2021-04-14,10:30,QUEENS,11379.0,40.713173,-73.90076,1,0,UNSPECIFIED,STATION WAGON/SPORT UTILITY VEHICLE
4408379,2021-04-15,6:00,QUEENS,11001.0,40.73006,-73.710754,0,0,UNSPECIFIED,STATION WAGON/SPORT UTILITY VEHICLE
4408103,2021-04-13,16:20,BROOKLYN,11203.0,40.652317,-73.92752,0,0,DRIVER INATTENTION/DISTRACTION,STATION WAGON/SPORT UTILITY VEHICLE
4408076,2021-04-15,1:20,UNKNOWN,,40.76122,-73.93056,1,0,UNSPECIFIED,BIKE
4408049,2021-04-12,18:00,UNKNOWN,,40.588722,-73.960464,0,0,FAILURE TO YIELD RIGHT-OF-WAY,STATION WAGON/SPORT UTILITY VEHICLE
4407527,2021-04-14,17:25,UNKNOWN,,40.643456,-73.972725,0,0,UNSPECIFIED,SEDAN
4407836,2021-04-12,19:45,BRONX,10467.0,40.865532,-73.86238,0,0,OTHER VEHICULAR,SEDAN
4408274,2021-04-16,16:46,UNKNOWN,,40.67612,-73.936005,1,0,UNSPECIFIED,STATION WAGON/SPORT UTILITY VEHICLE
4407547,2021-04-15,9:20,UNKNOWN,,40.620663,-74.1524,1,0,UNSAFE LANE CHANGING,STATION WAGON/SPORT UTILITY VEHICLE
4407815,2021-04-15,13:30,QUEENS,11378.0,40.72166,-73.888664,0,0,FAILURE TO YIELD RIGHT-OF-WAY,STATION WAGON/SPORT UTILITY VEHICLE
4408375,2021-04-14,17:45,QUEENS,11426.0,40.733723,-73.72516,0,0,UNSPECIFIED,SEDAN
4407279,2021-04-14,9:30,UNKNOWN,,40.745686,-73.97213,0,0,DRIVER INATTENTION/DISTRACTION,STATION WAGON/SPORT UTILITY VEHICLE
4407331,2021-04-14,0:00,BRONX,10463.0,40.875294,-73.9088,0,0,UNSPECIFIED,STATION WAGON/SPORT UTILITY VEHICLE
4407686,2021-04-15,16:54,BRONX,10454.0,40.803555,-73.91184,1,0,UNSPECIFIED,SEDAN
4408398,2021-04-15,19:20,UNKNOWN,,40.7605,-73.95699,0,0,PAVEMENT SLIPPERY,SEDAN
4408066,2021-04-16,0:17,UNKNOWN,,40.661995,-73.91959,0,0,UNSPECIFIED,SEDAN
4408309,2021-04-16,13:02,BROOKLYN,11205.0,40.69045,-73.959435,0,0,PASSING TOO CLOSELY,STATION WAGON/SPORT UTILITY VEHICLE
4408068,2021-04-16,11:38,BROOKLYN,11212.0,40.658672,-73.90019,1,0,UNSPECIFIED,STATION WAGON/SPORT UTILITY VEHICLE
4407691,2021-04-15,22:50,UNKNOWN,,40.711227,-73.72826,0,0,UNSPECIFIED,STATION WAGON/SPORT UTILITY VEHICLE
4407353,2021-04-14,13:07,BROOKLYN,11206.0,40.700485,-73.93637,1,0,FOLLOWING TOO CLOSELY,BIKE
4407433,2021-04-14,18:49,BRONX,10455.0,40.816555,-73.91755,0,0,TURNING IMPROPERLY,STATION WAGON/SPORT UTILITY VEHICLE
4407679,2021-04-15,22:35,UNKNOWN,,40.861862,-73.91282,0,0,TRAFFIC CONTROL DISREGARDED,SEDAN
4407566,2021-04-14,22:20,BRONX,10469.0,40.875793,-73.85465,0,0,OTHER VEHICULAR,SEDAN
4408026,2021-04-16,6:30,QUEENS,11434.0,40.68657,-73.776146,0,0,UNSPECIFIED,SEDAN
4407651,2021-04-14,17:30,BROOKLYN,11232.0,40.654705,-74.00731,0,0,UNSPECIFIED,SEDAN
4407296,2021-04-14,9:50,BROOKLYN,11219.0,40.637054,-73.98643,1,0,UNSPECIFIED,SEDAN
4407826,2021-04-16,12:00,UNKNOWN,,40.6191,-74.159615,0,0,DRIVER INATTENTION/DISTRACTION,SEDAN
4408186,2021-04-16,11:30,UNKNOWN,,,,0,0,FOLLOWING TOO CLOSELY,STATION WAGON/SPORT UTILITY VEHICLE
4407368,2021-04-14,8:00,UNKNOWN,,40.734566,-73.72269,0,0,DRIVER INATTENTION/DISTRACTION,BUS
4407804,2021-04-13,9:35,BROOKLYN,11211.0,40.714912,-73.94784,1,0,FOLLOWING TOO CLOSELY,STATION WAGON/SPORT UTILITY VEHICLE
4407242,2021-04-14,6:10,QUEENS,11372.0,40.74734,-73.88673,0,0,PEDESTRIAN/BICYCLIST/OTHER PEDESTRIAN ERROR/CONFUSION,STATION WAGON/SPORT UTILITY VEHICLE
4407858,2021-04-16,18:18,BROOKLYN,11205.0,40.6963,-73.97545,0,0,DRIVER INATTENTION/DISTRACTION,SEDAN
4407795,2021-04-16,9:40,BROOKLYN,11236.0,40.63598,-73.915146,1,0,UNSPECIFIED,SEDAN
4407347,2021-04-14,12:00,QUEENS,11428.0,40.724358,-73.742516,1,0,TRAFFIC CONTROL DISREGARDED,SEDAN
4408059,2016-04-16,14:20,BROOKLYN,11214.0,40.586277,-73.9862,0,0,DRIVER INATTENTION/DISTRACTION,SEDAN
4407715,2021-04-16,1:30,UNKNOWN,,40.671932,-73.85165,0,0,UNSAFE LANE CHANGING,SEDAN
4408114,2021-04-10,23:05,BROOKLYN,11236.0,40.650703,-73.920586,0,0,DRIVER INATTENTION/DISTRACTION,STATION WAGON/SPORT UTILITY VEHICLE
4407480,2021-04-14,5:32,UNKNOWN,,,,0,0,FOLLOWING TOO CLOSELY,SEDAN
4408312,2021-04-16,6:49,STATEN ISLAND,10305.0,40.61378,-74.07225,0,0,PASSING TOO CLOSELY,BUS
4407922,2021-04-15,22:15,QUEENS,11378.0,40.727375,-73.90313,0,0,UNSAFE SPEED,SEDAN
4407342,2021-04-14,15:10,STATEN ISLAND,10306.0,40.573204,-74.09711,0,0,TRAFFIC CONTROL DISREGARDED,STATION WAGON/SPORT UTILITY VEHICLE
4407882,2021-04-16,17:04,UNKNOWN,,,,0,0,FOLLOWING TOO CLOSELY,SEDAN
4407748,2021-04-15,13:30,UNKNOWN,,40.671604,-73.86907,0,0,UNSPECIFIED,SEDAN
4407619,2021-04-15,16:50,QUEENS,11101.0,40.740276,-73.92782,0,0,DRIVER INATTENTION/DISTRACTION,PICK-UP TRUCK
4407534,2021-04-14,16:02,UNKNOWN,,,,0,0,FOLLOWING TOO CLOSELY,SEDAN
4408297,2021-04-06,15:02,BROOKLYN,11216.0,40.684,-73.95031,0,0,PASSING TOO CLOSELY,STATION WAGON/SPORT UTILITY VEHICLE
4407763,2021-04-15,15:00,UNKNOWN,,40.704494,-73.81743,1,0,FOLLOWING TOO CLOSELY,STATION WAGON/SPORT UTILITY VEHICLE
4408005,2021-04-16,6:50,UNKNOWN,,40.845642,-73.90211,0,0,UNSAFE LANE CHANGING,SEDAN
4407390,2021-04-14,10:16,UNKNOWN,,,,1,0,DRIVER INATTENTION/DISTRACTION,STATION WAGON/SPORT UTILITY VEHICLE
4407504,2021-04-15,5:36,UNKNOWN,,40.82681,-73.85361,0,0,FOLLOWING TOO CLOSELY,STATION WAGON/SPORT UTILITY VEHICLE
4408231,2021-04-06,21:30,BROOKLYN,11233.0,40.681168,-73.92941,0,0,PASSING TOO CLOSELY,SEDAN
4408106,2021-04-09,20:00,BROOKLYN,11203.0,40.64739,-73.92314,0,0,UNSPECIFIED,SEDAN
4407542,2021-04-15,8:30,UNKNOWN,,40.687138,-73.75136,1,0,FAILURE TO YIELD RIGHT-OF-WAY,SEDAN
4407819,2021-03-25,9:52,UNKNOWN,,,,0,0,FAILURE TO YIELD RIGHT-OF-WAY,SEDAN
4407523,2021-04-15,9:09,UNKNOWN,,40.865143,-73.87204,0,0,UNSPECIFIED,SEDAN
4407428,2021-04-14,22:50,UNKNOWN,,40.866673,-73.90896,2,0,DRIVER INATTENTION/DISTRACTION,STATION WAGON/SPORT UTILITY VEHICLE
4408257,2021-04-10,18:50,QUEENS,11378.0,40.72313,-73.90614,0,0,UNSPECIFIED,STATION WAGON/SPORT UTILITY VEHICLE
4407595,2021-04-15,14:46,UNKNOWN,,40.674934,-73.80186,0,0,UNSPECIFIED,STATION WAGON/SPORT UTILITY VEHICLE
4407672,2021-04-15,11:10,BROOKLYN,11237.0,40.708363,-73.92401,0,0,DRIVER INATTENTION/DISTRACTION,TRACTOR TRUCK DIESEL
4407832,2021-04-16,11:20,QUEENS,11104.0,40.739525,-73.92512,0,0,DRIVER INATTENTION/DISTRACTION,SEDAN
4407384,2021-04-14,18:04,UNKNOWN,,40.637997,-74.02136,2,0,UNSPECIFIED,STATION WAGON/SPORT UTILITY VEHICLE
4408387,2021-04-14,21:40,UNKNOWN,,40.750965,-73.94027,1,0,DRIVER INATTENTION/DISTRACTION,
4407790,2020-04-15,15:20,UNKNOWN,,40.671585,-73.99843,0,0,DRIVER INATTENTION/DISTRACTION,SEDAN
4407612,2021-04-15,16:10,QUEENS,11412.0,40.694294,-73.74868,3,0,UNSPECIFIED,STATION WAGON/SPORT UTILITY VEHICLE
4407775,2021-04-08,17:25,UNKNOWN,,40.810173,-73.95117,1,0,PEDESTRIAN/BICYCLIST/OTHER PEDESTRIAN ERROR/CONFUSION,BIKE
4407864,2021-04-16,9:29,QUEENS,11411.0,40.694748,-73.73427,1,0,DRIVER INATTENTION/DISTRACTION,SEDAN
4407379,2021-04-14,19:30,UNKNOWN,,40.687103,-73.89251,0,0,DRIVERLESS/RUNAWAY VEHICLE,SEDAN
4408054,2021-04-14,15:00,BROOKLYN,11235.0,0.0,0.0,0,0,DRIVER INATTENTION/DISTRACTION,SEDAN
4407156,2021-04-14,3:04,UNKNOWN,,40.861744,-73.911804,0,0,UNSAFE SPEED,STATION WAGON/SPORT UTILITY VEHICLE
4407634,2021-04-15,19:45,UNKNOWN,,40.741074,-73.7258,0,0,UNSPECIFIED,STATION WAGON/SPORT UTILITY VEHICLE
4408389,2021-04-13,8:24,QUEENS,11436.0,40.67875,-73.794,1,0,TRAFFIC CONTROL DISREGARDED,SEDAN
4407724,2021-04-14,13:16,BROOKLYN,11207.0,40.666943,-73.890144,0,0,DRIVER INATTENTION/DISTRACTION,SEDAN
4407942,2021-04-16,8:30,BROOKLYN,11225.0,40.6635,-73.94276,0,0,UNSPECIFIED,STATION WAGON/SPORT UTILITY VEHICLE
4456714,2021-07-09,14:19,BRONX,10461.0,40.850304,-73.85137,1,0,FAILURE TO YIELD RIGHT-OF-WAY,SEDAN
4408197,2021-04-16,20:17,BRONX,10451.0,40.827824,-73.91934,1,0,FAILURE TO YIELD RIGHT-OF-WAY,E-BIKE
4407847,2021-04-15,16:08,STATEN ISLAND,10306.0,40.575832,-74.12409,1,0,DRIVER INEXPERIENCE,STATION WAGON/SPORT UTILITY VEHICLE
4407403,2021-04-14,10:00,UNKNOWN,,40.730366,-73.91388,0,0,UNSPECIFIED,SEDAN
4408120,2021-04-15,17:47,BROOKLYN,11226.0,40.640945,-73.94852,0,0,UNSPECIFIED,SEDAN
4407703,2021-04-15,12:00,UNKNOWN,,40.784237,-73.947075,0,0,DRIVER INATTENTION/DISTRACTION,STATION WAGON/SPORT UTILITY VEHICLE
4407668,2021-04-15,20:29,QUEENS,11369.0,40.76803,-73.87722,1,0,FAILURE TO YIELD RIGHT-OF-WAY,SEDAN
4407570,2021-04-14,13:06,BROOKLYN,11212.0,40.669823,-73.90981,0,0,UNSPECIFIED,SEDAN
4408101,2021-04-10,16:28,UNKNOWN,,40.659336,-73.92726,0,0,DRIVER INATTENTION/DISTRACTION,STATION WAGON/SPORT UTILITY VEHICLE
4407898,2021-04-16,10:15,UNKNOWN,,,,0,0,PASSING TOO CLOSELY,SEDAN
4407800,2021-04-16,4:00,UNKNOWN,,40.616093,-74.14523,1,0,DRIVER INATTENTION/DISTRACTION,STATION WAGON/SPORT UTILITY VEHICLE
4407917,2021-04-16,20:59,QUEENS,11369.0,40.763546,-73.88209,0,0,TURNING IMPROPERLY,SEDAN
4408151,2021-04-15,22:27,BROOKLYN,11218.0,40.637234,-73.97266,0,0,UNSPECIFIED,STATION WAGON/SPORT UTILITY VEHICLE
4407758,2021-04-15,19:00,UNKNOWN,,40.62614,-74.14276,0,0,DRIVER INATTENTION/DISTRACTION,SEDAN
4407780,2021-04-16,6:30,UNKNOWN,,,,4,0,PAVEMENT SLIPPERY,SEDAN
4408034,2021-04-16,7:30,BROOKLYN,11226.0,40.638313,-73.95751,0,0,UNSPECIFIED,BOX TRUCK
4407998,2021-04-16,9:35,BROOKLYN,11207.0,40.651352,-73.89275,2,0,UNSAFE SPEED,SEDAN
4407410,2021-04-15,0:08,QUEENS,11433.0,40.696564,-73.79125,1,0,AGGRESSIVE DRIVING/ROAD RAGE,SCOOTER
4408112,2021-04-15,17:30,MANHATTAN,10009.0,40.72728,-73.97906,0,0,UNSPECIFIED,STATION WAGON/SPORT UTILITY VEHICLE
4407731,2021-04-16,2:12,BROOKLYN,11207.0,40.67816,-73.897484,0,0,PASSING OR LANE USAGE IMPROPER,SEDAN
4408095,2021-04-13,16:49,BRONX,10470.0,40.905174,-73.85417,2,0,FAILURE TO YIELD RIGHT-OF-WAY,SEDAN
4456465,2021-09-11,21:00,BRONX,10454.0,40.810387,-73.91521,1,0,FAILURE TO YIELD RIGHT-OF-WAY,E-BIKE
4407470,2021-04-14,15:00,MANHATTAN,10018.0,40.754044,-73.990074,0,0,DRIVER INATTENTION/DISTRACTION,CATER
4407582,2021-04-14,20:25,UNKNOWN,,40.755234,-73.941246,1,0,PASSING OR LANE USAGE IMPROPER,STATION WAGON/SPORT UTILITY VEHICLE
4408360,2021-04-10,13:45,BROOKLYN,11206.0,40.708675,-73.93699,0,0,DRIVER INATTENTION/DISTRACTION,STATION WAGON/SPORT UTILITY VEHICLE
4408126,2021-04-16,18:45,BROOKLYN,11203.0,40.65103,-73.93032,0,0,TRAFFIC CONTROL DISREGARDED,BUS
4407395,2021-04-14,0:00,BROOKLYN,11220.0,40.645985,-74.00723,0,0,PASSING TOO CLOSELY,SEDAN
4407904,2021-04-15,15:05,QUEENS,11357.0,40.794773,-73.816185,2,0,FAILURE TO YIELD RIGHT-OF-WAY,SEDAN
4408288,2021-04-16,21:04,MANHATTAN,10033.0,40.845467,-73.940475,0,0,DRIVER INATTENTION/DISTRACTION,TAXI
4407961,2021-04-16,0:00,UNKNOWN,,40.643875,-74.01887,0,0,UNSPECIFIED,PKUP
4407363,2021-04-14,8:20,QUEENS,11422.0,40.658947,-73.73472,0,0,FOLLOWING TOO CLOSELY,SEDAN
4407629,2021-04-15,15:45,UNKNOWN,,40.69168,-73.999344,0,0,FOLLOWING TOO CLOSELY,SEDAN
4407641,2021-04-15,18:23,BROOKLYN,11214.0,40.59727,-73.99868,0,0,DRIVER INATTENTION/DISTRACTION,SEDAN
4408140,2021-04-14,21:20,BRONX,10469.0,40.878155,-73.84005,0,0,TRAFFIC CONTROL DISREGARDED,SEDAN
4408226,2021-04-02,22:20,BROOKLYN,11206.0,40.696983,-73.935234,1,0,UNSPECIFIED,STATION WAGON/SPORT UTILITY VEHICLE
4407500,2021-04-14,16:00,BRONX,10473.0,40.821075,-73.882126,0,0,UNSPECIFIED,SEDAN
4407558,2021-04-14,11:00,BRONX,10466.0,40.88765,-73.84167,0,0,UNSPECIFIED,SEDAN
4407421,2021-04-14,8:45,QUEENS,11419.0,40.687843,-73.82005,0,0,PASSING OR LANE USAGE IMPROPER,STATION WAGON/SPORT UTILITY VEHICLE
4407743,2021-04-14,22:32,BROOKLYN,11208.0,40.673252,-73.87773,2,0,DRIVER INATTENTION/DISTRACTION,SEDAN
4407876,2021-04-09,18:15,UNKNOWN,,,,0,0,UNSPECIFIED,STATION WAGON/SPORT UTILITY VEHICLE
4408261,2021-04-14,11:00,BROOKLYN,11216.0,40.6699,-73.95116,0,0,UNSPECIFIED,STATION WAGON/SPORT UTILITY VEHICLE
4407965,2021-04-16,15:04,UNKNOWN,,40.667683,-73.99608,2,0,FOLLOWING TOO CLOSELY,SEDAN
4407450,2021-04-14,18:10,BROOKLYN,11230.0,40.63529,-73.958206,0,0,UNSPECIFIED,SEDAN
4407812,2021-04-13,13:00,BROOKLYN,11249.0,40.71772,-73.96202,0,0,UNSPECIFIED,SEDAN
4408163,2021-04-16,15:20,UNKNOWN,,40.857605,-73.93778,4,0,OTHER VEHICULAR,STATION WAGON/SPORT UTILITY VEHICLE
4408276,2021-04-16,18:25,UNKNOWN,,40.7491,-73.984085,0,0,TRAFFIC CONTROL DISREGARDED,STATION WAGON/SPORT UTILITY VEHICLE
4407676,2021-04-15,17:03,QUEENS,11432.0,40.71493,-73.79316,1,0,DRIVER INATTENTION/DISTRACTION,SEDAN
4407868,2021-04-16,8:40,UNKNOWN,,40.721985,-73.98552,0,0,PASSING TOO CLOSELY,BOX TRUCK
4456784,2021-09-08,18:00,UNKNOWN,,40.5843,-74.16492,0,0,FAILURE TO YIELD RIGHT-OF-WAY,SEDAN
4408111,2021-04-16,15:00,UNKNOWN,,40.67983,-73.9583,0,0,BACKING UNSAFELY,BUS
4407807,2021-04-15,14:54,BROOKLYN,11222.0,40.730198,-73.954254,0,0,DRIVER INATTENTION/DISTRACTION,BOX TRUCK
4407706,2021-04-15,9:30,UNKNOWN,,40.821117,-73.957466,0,0,UNSPECIFIED,SEDAN
4407456,2021-04-14,23:26,UNKNOWN,,40.849167,-73.92393,0,0,UNSAFE SPEED,SEDAN
4408050,2021-04-13,17:20,UNKNOWN,,40.579826,-73.97622,0,0,DRIVER INATTENTION/DISTRACTION,STATION WAGON/SPORT UTILITY VEHICLE
4407699,2021-04-15,16:20,BROOKLYN,11217.0,40.681335,-73.97667,1,0,OTHER VEHICULAR,SEDAN
4407605,2021-04-15,7:34,UNKNOWN,,40.756725,-73.96,0,0,REACTION TO UNINVOLVED VEHICLE,SEDAN
4407135,2021-04-14,2:10,QUEENS,11372.0,40.756557,-73.87594,0,0,ALCOHOL INVOLVEMENT,PICK-UP TRUCK
4407661,2021-04-15,15:30,BROOKLYN,11233.0,40.67792,-73.9182,0,0,DRIVER INATTENTION/DISTRACTION,SEDAN
4407930,2021-04-14,7:44,BROOKLYN,11234.0,40.607876,-73.92554,0,0,TURNING IMPROPERLY,SEDAN
4407851,2021-04-16,15:16,UNKNOWN,,40.607643,-74.03375,0,0,FOLLOWING TOO CLOSELY,SEDAN
4407844,2021-04-15,13:45,STATEN ISLAND,10308.0,40.540188,-74.149,0,0,PASSING OR LANE USAGE IMPROPER,SEDAN
4407630,2021-04-15,0:00,BROOKLYN,11209.0,40.616306,-74.03348,0,0,DRIVER INATTENTION/DISTRACTION,STATION WAGON/SPORT UTILITY VEHICLE
4407383,2021-04-14,19:40,UNKNOWN,,,,0,0,OTHER VEHICULAR,CARRY ALL
4408202,2021-04-13,14:44,UNKNOWN,,40.583874,-73.823044,1,0,TURNING IMPROPERLY,STATION WAGON/SPORT UTILITY VEHICLE
4407516,2021-04-14,9:30,BRONX,10467.0,40.877827,-73.879585,0,0,UNSAFE LANE CHANGING,FDNY AMBUL
4407317,2021-04-14,13:20,UNKNOWN,,40.714554,-73.83147,1,0,FOLLOWING TOO CLOSELY,SEDAN
4408210,2021-04-15,16:00,UNKNOWN,,40.763668,-73.82303,0,0,PASSING OR LANE USAGE IMPROPER,STATION WAGON/SPORT UTILITY VEHICLE
4407894,2021-04-16,20:24,UNKNOWN,,,,1,0,UNSAFE SPEED,SEDAN
4408354,2021-04-16,16:25,UNKNOWN,,40.705246,-73.95908,0,0,DRIVER INATTENTION/DISTRACTION,BOX TRUCK
4407911,2021-04-15,15:45,QUEENS,11354.0,40.77451,-73.838036,0,0,FOLLOWING TOO CLOSELY,SEDAN
4456516,2021-09-09,16:45,MANHATTAN,10021.0,40.768482,-73.95255,1,0,DRIVER INATTENTION/DISTRACTION,SEDAN
4407839,2021-04-08,13:25,MANHATTAN,10029.0,40.797405,-73.942535,0,0,DRIVER INATTENTION/DISTRACTION,PICK-UP TRUCK
4408084,2021-04-01,15:10,MANHATTAN,10016.0,40.74058,-73.978935,0,0,DRIVER INATTENTION/DISTRACTION,SEDAN
4407510,2021-04-14,12:12,BRONX,10459.0,40.829723,-73.8981,1,0,UNSPECIFIED,SEDAN
4407992,2021-04-05,9:15,QUEENS,11365.0,40.7406,-73.81025,1,0,BACKING UNSAFELY,SEDAN
4408252,2021-04-16,16:20,QUEENS,11385.0,40.71363,-73.917885,0,0,BACKING UNSAFELY,SEDAN
4408221,2021-04-15,9:00,BROOKLYN,11218.0,40.647594,-73.97351,1,0,UNSPECIFIED,SEDAN
4456756,2021-08-28,18:00,UNKNOWN,,40.760403,-73.98748,0,0,UNSPECIFIED,STATION WAGON/SPORT UTILITY VEHICLE
4408030,2021-04-10,11:15,MANHATTAN,10002.0,40.71975,-73.992165,1,0,DRIVER INATTENTION/DISTRACTION,STATION WAGON/SPORT UTILITY VEHICLE
4407787,2021-04-13,13:40,UNKNOWN,,40.834503,-73.93037,0,0,UNSPECIFIED,BUS
4407646,2021-04-15,15:34,STATEN ISLAND,10304.0,40.63115,-74.076454,1,0,FAILURE TO YIELD RIGHT-OF-WAY,SEDAN
4408195,2021-04-10,8:50,UNKNOWN,,40.835724,-73.92129,0,0,FOLLOWING TOO CLOSELY,PICK-UP TRUCK
4407571,2021-04-15,12:15,STATEN ISLAND,10310.0,40.6354,-74.106674,0,0,UNSPECIFIED,STATION WAGON/SPORT UTILITY VEHICLE
4407908,2021-04-07,14:30,QUEENS,11356.0,40.781647,-73.833664,0,0,DRIVER INATTENTION/DISTRACTION,STATION WAGON/SPORT UTILITY VEHICLE
4407427,2021-04-14,5:39,BROOKLYN,11217.0,40.68837,-73.98056,3,0,DRIVER INATTENTION/DISTRACTION,SEDAN
4408409,2021-04-16,22:00,MANHATTAN,10029.0,40.790417,-73.95184,0,0,OTHER VEHICULAR,STATION WAGON/SPORT UTILITY VEHICLE
4408121,2021-04-15,20:00,BROOKLYN,11236.0,40.6481,-73.91474,0,0,DRIVER INATTENTION/DISTRACTION,SEDAN
4407954,2021-04-16,14:00,QUEENS,11423.0,40.71275,-73.7673,0,0,DRIVER INATTENTION/DISTRACTION,SEDAN
4407755,2021-04-14,8:45,UNKNOWN,,40.60069,-74.010056,0,0,TRAFFIC CONTROL DISREGARDED,BOX TRUCK
4407438,2021-04-14,17:00,QUEENS,11368.0,40.738068,-73.861046,0,0,DRIVER INATTENTION/DISTRACTION,SEDAN
4408419,2021-04-15,23:09,QUEENS,11420.0,40.680496,-73.821365,0,0,PASSING TOO CLOSELY,SEDAN
4408036,2021-04-16,15:32,BROOKLYN,11210.0,40.61924,-73.954124,0,0,FAILURE TO YIELD RIGHT-OF-WAY,STATION WAGON/SPORT UTILITY VEHICLE
4407871,2021-04-16,22:45,BROOKLYN,11209.0,40.629105,-74.034645,0,0,UNSPECIFIED,SEDAN
4407551,2021-04-14,11:40,BROOKLYN,11237.0,40.699818,-73.920135,0,0,PASSING TOO CLOSELY,SEDAN
4407481,2021-04-14,14:15,UNKNOWN,,,,1,0,DRIVER INATTENTION/DISTRACTION,SEDAN
4407341,2021-04-14,10:10,QUEENS,11412.0,40.69802,-73.7623,1,0,DRIVER INATTENTION/DISTRACTION,SEDAN
4407974,2021-04-10,0:00,UNKNOWN,,,,0,0,PASSING OR LANE USAGE IMPROPER,SEDAN
4408310,2021-04-15,20:00,STATEN ISLAND,10304.0,,,0,0,UNSPECIFIED,SEDAN
4408040,2021-04-16,12:30,BROOKLYN,11230.0,40.62893,-73.971375,0,0,UNSPECIFIED,STATION WAGON/SPORT UTILITY VEHICLE
4408069,2021-04-16,16:15,MANHATTAN,10032.0,40.831177,-73.942085,0,0,DRIVER INATTENTION/DISTRACTION,TAXI
4408267,2021-04-02,18:00,BROOKLYN,11213.0,40.675037,-73.930534,0,0,PASSING OR LANE USAGE IMPROPER,PICK-UP TRUCK
4407358,2021-04-14,19:01,BROOKLYN,11226.0,40.64884,-73.95102,0,0,DRIVER INATTENTION/DISTRACTION,STATION WAGON/SPORT UTILITY VEHICLE
4455876,2021-09-11,13:30,QUEENS,11361.0,40.757725,-73.779274,0,0,DRIVER INATTENTION/DISTRACTION,SEDAN
4407695,2021-04-15,10:13,MANHATTAN,10021.0,40.766586,-73.9531,0,0,PASSING TOO CLOSELY,3-DOOR
4407265,2021-04-14,9:40,BRONX,10465.0,40.833126,-73.828285,0,0,UNSPECIFIED,STATION WAGON/SPORT UTILITY VEHICLE
4408300,2021-04-10,22:06,BRONX,10452.0,40.834675,-73.930275,4,0,FOLLOWING TOO CLOSELY,TAXI
